Id,Neighborhood,YearBuilt,LotArea,OverallQual,GrLivArea,FullBath,GarageCars,Fireplaces,CentralAir,KitchenQual,DistanceToCityCenterKm,SaleCondition,SalePrice
1,Edwards,1987,5405.0,1,1981,2,0.0,0,Y,TA,2.73,Normal,230100
2,Mitchel,1968,7515.0,8,1138,1,2.0,2,Y,TA,6.75,Normal,267240
3,Crawfor,1966,5897.0,7,1073,2,1.0,0,Y,Gd,13.85,Normal,283400
4,Somerst,1972,25261.0,5,1730,2,0.0,1,Y,TA,5.09,Normal,347970
5,NAmes,1992,7649.0,5,1994,2,1.0,2,Y,TA,5.61,Normal,307380
6,CollgCr,1967,17323.0,9,1520,2,3.0,2,Y,TA,5.53,Normal,371210
7,Sawyer,2014,7255.0,1,6325,4,0.0,0,Y,TA,,Normal,631420
8,NAmes,1984,9107.0,7,820,1,2.0,0,Y,TA,7.96,Normal,225960
9,Edwards,2011,4132.0,3,786,1,0.0,0,Y,TA,2.88,Normal,161520
10,NridgHt,1998,6397.0,1,616,1,1.0,0,Y,TA,12.34,Normal,189250
11,Crawfor,1973,8888.0,6,1555,3,1.0,2,Y,TA,7.42,Normal,342440
12,BrkSide,1966,17680.0,10,2063,2,2.0,3,Y,Gd,17.92,Normal,351140
13,Sawyer,2002,8939.0,8,1493,2,2.0,1,Y,Gd,3.31,Abnorml,405160
14,Edwards,1973,15979.0,8,400,1,2.0,1,N,Gd,14.36,Normal,183770
15,NAmes,1967,11021.0,8,1405,2,1.0,1,Y,Gd,13.57,Normal,271450
16,NridgHt,2016,18050.0,8,1419,1,3.0,1,Y,Ex,6.35,Normal,500720
17,CollgCr,1984,7767.0,6,2548,2,2.0,0,Y,TA,6.42,Normal,458120
18,Somerst,1953,26431.0,2,771,1,0.0,0,Y,Gd,4.31,Normal,155240
19,Mitchel,1985,6276.0,9,1305,2,2.0,1,Y,TA,4.36,Normal,283340
20,Somerst,1982,5453.0,5,2353,2,0.0,2,Y,TA,8.0,Normal,407270
21,NridgHt,2011,4368.0,6,1725,2,2.0,1,Y,TA,8.08,Partial,401490
22,NridgHt,2000,25661.0,4,1782,1,2.0,1,Y,TA,1.59,Normal,412210
23,BrkSide,1963,12051.0,2,1557,2,1.0,0,N,Gd,17.17,Normal,208080
24,Edwards,1960,6769.0,10,1665,2,,1,Y,Fa,6.96,Normal,276790
25,Edwards,1992,14939.0,8,1889,1,2.0,2,Y,Gd,8.26,Partial,299820
26,CollgCr,1953,11283.0,7,1095,2,2.0,0,Y,Gd,5.5,Normal,282030
27,NridgHt,1972,21381.0,5,1939,2,2.0,1,Y,TA,6.93,Normal,451540
28,CollgCr,1959,3690.0,9,813,1,3.0,2,Y,TA,6.57,Normal,304270
29,Somerst,1951,7006.0,6,1664,1,0.0,1,N,TA,7.99,Normal,275190
30,Sawyer,2015,6348.0,5,1589,3,2.0,0,N,TA,7.94,Normal,215770
31,NAmes,1956,2982.0,5,1192,2,1.0,0,Y,Ex,,Normal,250400
32,Somerst,1950,,3,1489,1,0.0,0,Y,Gd,8.91,Normal,291810
33,CollgCr,2016,6988.0,1,1189,1,0.0,0,N,Gd,10.82,Normal,149030
34,CollgCr,1963,11580.0,6,964,1,2.0,1,Y,TA,7.96,Normal,237550
35,NAmes,2007,26032.0,9,1323,1,1.0,2,Y,Gd,8.93,Normal,297870
36,CollgCr,1952,6705.0,1,948,1,1.0,0,Y,Gd,7.03,Normal,165160
37,Mitchel,1960,6481.0,9,1661,2,3.0,2,Y,TA,12.01,Abnorml,329020
38,Mitchel,1957,8489.0,9,925,1,2.0,2,Y,TA,9.29,Partial,305240
39,Sawyer,2000,13106.0,3,1856,2,0.0,1,N,Fa,7.37,Normal,213820
40,NridgHt,1994,6026.0,7,909,1,,1,Y,TA,7.25,Normal,305050
41,Sawyer,1983,5836.0,2,1217,2,1.0,1,Y,Gd,7.56,Normal,215700
42,Crawfor,1967,13572.0,8,1188,1,1.0,1,Y,Gd,8.12,Family,341770
43,Somerst,1956,9667.0,8,2163,2,3.0,2,Y,TA,7.77,Normal,431560
44,NAmes,1990,2878.0,4,1665,1,1.0,0,Y,Ex,5.76,Normal,356140
45,Sawyer,1966,4335.0,1,1394,1,0.0,0,Y,TA,11.06,Normal,153590
46,Mitchel,1991,16946.0,10,1749,2,1.0,2,N,TA,11.31,Normal,316490
47,CollgCr,1998,9781.0,5,446,1,1.0,1,Y,Ex,15.14,Abnorml,204630
48,Edwards,2010,5465.0,9,1478,2,3.0,2,Y,Ex,5.59,Abnorml,374470
49,OldTown,1985,7347.0,7,2499,3,1.0,1,Y,Gd,10.67,Normal,381530
50,OldTown,1950,8053.0,8,1566,1,2.0,3,Y,TA,0.36,Normal,277840
51,Sawyer,1969,11557.0,8,1534,2,2.0,1,Y,Ex,11.32,Partial,351090
52,OldTown,2010,4056.0,2,1774,2,0.0,1,N,Gd,2.17,Normal,218300
53,Mitchel,1987,5254.0,4,1948,2,2.0,1,Y,,4.06,Normal,342150
54,BrkSide,1993,9170.0,5,501,1,0.0,2,Y,TA,9.33,Normal,131470
55,NAmes,1982,7610.0,5,659,1,1.0,1,Y,TA,5.51,Normal,173170
56,BrkSide,1961,10648.0,1,1605,2,1.0,0,Y,Gd,4.97,Normal,229400
57,Sawyer,2013,4326.0,6,1143,2,2.0,0,Y,Gd,6.06,Normal,258540
58,Somerst,2004,9564.0,2,2156,2,1.0,1,Y,TA,10.92,Abnorml,292890
59,Edwards,2020,13808.0,8,1342,1,2.0,2,Y,TA,4.27,Abnorml,311980
60,BrkSide,2010,10205.0,7,533,1,1.0,2,Y,Gd,7.78,Normal,207240
61,Edwards,1970,8576.0,10,866,1,2.0,3,Y,TA,6.49,Normal,255830
62,NAmes,1968,7626.0,8,400,1,2.0,2,Y,TA,11.28,Normal,189190
63,OldTown,1967,5270.0,4,1383,1,1.0,0,Y,TA,11.39,Normal,191860
64,CollgCr,2015,7717.0,10,1406,2,3.0,2,Y,TA,0.66,Normal,425050
65,NridgHt,1989,15019.0,5,1288,2,3.0,0,Y,Gd,12.18,Family,326620
66,CollgCr,1982,7538.0,4,2039,2,1.0,1,Y,Fa,5.56,Normal,317000
67,NridgHt,2018,5127.0,10,2099,1,2.0,2,Y,Fa,8.95,Normal,490950
68,Edwards,1992,6255.0,4,1415,1,0.0,0,Y,Ex,4.24,Abnorml,180330
69,BrkSide,2014,8845.0,1,433,1,1.0,0,Y,Gd,9.48,Family,98680
70,Edwards,2019,6637.0,5,1809,2,1.0,2,N,Fa,18.21,Normal,220020
71,Crawfor,1955,10197.0,8,1778,1,3.0,2,Y,TA,8.51,Normal,398220
72,Crawfor,1975,10390.0,2,1655,2,0.0,0,Y,Gd,6.16,Normal,294220
73,CollgCr,2002,12478.0,5,1991,2,2.0,2,N,TA,7.07,Normal,329810
74,NridgHt,2007,16301.0,2,918,1,0.0,1,Y,TA,2.12,Normal,198050
75,CollgCr,1960,13162.0,7,2504,3,1.0,2,Y,TA,13.8,Normal,360890
76,BrkSide,1972,5014.0,5,1020,1,1.0,1,Y,TA,9.25,Normal,207780
77,NridgHt,1988,5092.0,4,1875,2,0.0,1,Y,Gd,3.8,Normal,428140
78,CollgCr,2006,7703.0,3,656,1,2.0,1,Y,TA,3.93,Normal,213940
79,CollgCr,1958,6384.0,6,1035,2,1.0,2,Y,TA,8.06,Normal,241040
80,Edwards,1992,4528.0,7,2258,3,2.0,2,Y,TA,11.73,Normal,345090
81,BrkSide,1971,6415.0,10,1370,2,2.0,2,N,Fa,3.4,Normal,226160
82,BrkSide,1965,6310.0,5,1920,2,1.0,2,Y,TA,12.45,Normal,231260
83,NAmes,1986,5717.0,2,1618,2,0.0,0,Y,Gd,7.63,Partial,237130
84,OldTown,1979,6832.0,9,1448,1,3.0,2,Y,TA,4.28,Normal,304730
85,Edwards,1995,14421.0,7,2182,3,1.0,2,N,TA,6.13,Normal,358200
86,Somerst,1972,8838.0,8,1382,1,1.0,1,Y,TA,14.99,Normal,294550
87,NAmes,2008,27532.0,1,610,1,0.0,0,Y,Gd,2.45,Abnorml,113700
88,OldTown,1955,8712.0,4,1098,1,1.0,1,Y,TA,5.07,Normal,156100
89,Crawfor,2011,6920.0,8,1776,2,3.0,1,Y,Ex,11.81,Normal,421060
90,Edwards,1952,8017.0,9,1698,2,2.0,1,Y,Gd,8.87,Abnorml,385270
91,Sawyer,2002,9095.0,5,716,1,2.0,1,Y,TA,4.84,Normal,203220
92,Edwards,1974,9945.0,9,1138,1,3.0,2,N,Gd,11.86,Normal,290890
93,Edwards,1977,22597.0,9,1209,2,2.0,3,N,Fa,12.05,Normal,230080
94,NridgHt,1951,5242.0,4,1317,2,0.0,1,N,Ex,9.33,Partial,324000
95,CollgCr,1999,12292.0,9,812,1,2.0,0,Y,Ex,5.55,Normal,354940
96,CollgCr,1961,8876.0,3,1186,2,0.0,1,Y,TA,6.17,Normal,207820
97,Mitchel,1996,3647.0,3,5747,4,1.0,0,Y,Gd,9.14,Abnorml,626940
98,Crawfor,2001,11761.0,7,1886,2,2.0,2,Y,TA,2.75,Normal,385220
99,Sawyer,2010,15078.0,7,1905,3,2.0,1,Y,TA,13.31,Normal,289910
100,NAmes,2000,5211.0,2,1427,2,0.0,0,Y,Gd,14.8,Normal,199510
101,NAmes,1971,7964.0,9,1304,1,3.0,2,Y,Ex,7.06,Normal,353300
102,CollgCr,2002,3376.0,2,1570,1,0.0,0,Y,TA,9.42,Normal,225760
103,Mitchel,2008,4263.0,9,1092,1,3.0,3,Y,Gd,12.74,Normal,295490
104,BrkSide,1972,13510.0,1,927,1,0.0,0,Y,Gd,15.82,Abnorml,115020
105,Somerst,1958,6336.0,8,1030,1,2.0,2,Y,TA,14.23,Normal,262540
106,Mitchel,2013,4595.0,8,1183,2,1.0,2,Y,,1.06,Normal,305430
107,NAmes,1960,8973.0,8,918,1,2.0,2,Y,Gd,6.74,Normal,267470
108,Somerst,1992,6161.0,7,1581,2,1.0,0,Y,Gd,10.0,Normal,352910
109,CollgCr,1966,6322.0,5,1865,2,1.0,2,Y,,6.02,Normal,421480
110,OldTown,1958,11578.0,8,706,1,1.0,1,N,Fa,15.13,Normal,120720
111,Mitchel,2005,4475.0,3,1513,2,1.0,1,Y,TA,14.52,Normal,260400
112,Crawfor,1960,5087.0,8,1390,2,2.0,1,Y,TA,4.74,Normal,345570
113,NAmes,1997,8641.0,6,1671,1,3.0,0,Y,TA,7.35,Normal,311180
114,CollgCr,1999,12990.0,5,1494,1,1.0,2,Y,TA,5.0,Normal,276660
115,Somerst,1954,14858.0,6,773,1,2.0,1,Y,Gd,7.22,Normal,298970
116,NAmes,1962,5737.0,6,869,2,1.0,2,Y,TA,7.1,Normal,307160
117,Somerst,2006,12783.0,1,1515,2,0.0,0,Y,Gd,11.82,Normal,225770
118,Somerst,1986,5405.0,2,2014,2,0.0,0,Y,TA,4.45,Normal,285660
119,CollgCr,1958,19936.0,3,400,1,1.0,1,Y,TA,0.2,Normal,154930
120,CollgCr,2020,4538.0,2,1673,2,1.0,0,N,Gd,1.58,Normal,286180
121,CollgCr,1968,15544.0,5,2095,2,2.0,1,Y,Gd,3.89,Normal,414060
122,Mitchel,1950,5762.0,7,1423,2,1.0,1,Y,TA,5.38,Partial,271870
123,OldTown,2015,21891.0,7,1775,3,2.0,1,Y,,8.75,Normal,320590
124,Somerst,1951,10752.0,5,1148,2,1.0,2,Y,TA,3.68,Normal,264390
125,OldTown,1989,4814.0,9,1440,2,2.0,2,Y,TA,3.16,Normal,276040
126,Sawyer,2020,6162.0,6,690,1,1.0,0,Y,TA,4.28,Normal,191430
127,NAmes,1991,11823.0,1,400,1,0.0,1,Y,Gd,3.54,Normal,122010
128,NAmes,1991,13542.0,8,1971,2,3.0,2,N,TA,5.78,Partial,378850
129,Sawyer,1977,7722.0,6,1008,1,2.0,1,N,Gd,5.61,Normal,223000
130,Sawyer,1959,8181.0,7,1272,2,2.0,2,Y,TA,10.76,Abnorml,261220
131,CollgCr,1990,11689.0,6,807,1,1.0,1,Y,TA,4.04,Normal,232640
132,OldTown,2013,8545.0,6,795,2,3.0,0,Y,Gd,6.57,Abnorml,168910
133,Mitchel,1956,4190.0,1,1413,1,1.0,1,Y,TA,5.82,Partial,179070
134,NAmes,2012,5328.0,6,1135,1,1.0,1,Y,TA,11.24,Family,214200
135,CollgCr,1979,8998.0,8,1689,2,2.0,2,Y,TA,7.38,Normal,343150
136,Edwards,1988,14690.0,4,1726,3,1.0,1,Y,TA,12.2,Abnorml,226940
137,CollgCr,1961,17947.0,7,1660,2,2.0,2,Y,TA,3.39,Normal,376920
138,NridgHt,1994,11813.0,1,1619,1,0.0,0,Y,TA,7.8,Normal,240350
139,NridgHt,1962,9236.0,4,2289,2,1.0,0,Y,TA,5.7,Normal,418770
140,Somerst,1969,11633.0,5,966,2,2.0,1,Y,TA,3.1,Normal,312340
141,NridgHt,2001,5732.0,10,1473,1,2.0,3,Y,TA,7.73,Normal,412770
142,Edwards,1953,7410.0,3,2066,2,0.0,1,Y,TA,14.93,Normal,224080
143,Sawyer,1981,5298.0,3,2132,4,,0,Y,TA,4.59,Normal,248630
144,NAmes,1992,4285.0,5,789,1,1.0,2,Y,Gd,7.49,Normal,188520
145,OldTown,1959,9452.0,10,1344,1,4.0,3,Y,Gd,2.75,Normal,330960
146,NridgHt,1970,8778.0,9,2179,2,3.0,2,Y,TA,2.16,Abnorml,550990
147,OldTown,1974,11283.0,1,1754,2,1.0,0,Y,TA,4.85,Normal,215550
148,NAmes,1997,10512.0,3,1598,2,1.0,1,Y,TA,6.2,Normal,283690
149,OldTown,2019,9032.0,9,1391,2,,1,Y,TA,6.38,Abnorml,293960
150,Sawyer,2009,10567.0,1,1308,2,0.0,0,Y,TA,7.1,Normal,190810
151,NAmes,1963,7831.0,9,1644,2,3.0,2,Y,Gd,1.41,Normal,373110
152,Sawyer,1951,9834.0,3,1374,2,,0,Y,Gd,5.5,Normal,218700
153,Sawyer,1953,5564.0,10,1479,1,3.0,2,Y,TA,10.01,Normal,318590
154,NridgHt,1992,9624.0,3,1539,1,1.0,0,Y,Ex,2.57,Normal,404560
155,CollgCr,1961,11175.0,5,1161,1,1.0,2,Y,TA,6.58,Normal,299570
156,BrkSide,1966,5724.0,7,1766,1,2.0,0,Y,Gd,9.17,Normal,315940
157,CollgCr,2010,8210.0,2,2957,3,1.0,0,Y,Gd,4.87,Normal,460280
158,Crawfor,2012,5857.0,6,612,1,1.0,1,Y,TA,9.37,Normal,269960
159,Sawyer,2009,6148.0,6,1662,2,2.0,2,Y,TA,1.92,Normal,299070
160,NAmes,1968,4558.0,8,1120,1,,2,Y,TA,11.55,Normal,253410
161,BrkSide,1993,15064.0,10,1789,1,2.0,3,Y,Ex,9.46,Abnorml,381610
162,Somerst,1993,13630.0,7,1523,1,0.0,2,Y,TA,8.22,Normal,297530
163,Edwards,1963,10466.0,5,1881,2,1.0,1,Y,Gd,12.5,Normal,276340
164,Edwards,1989,21446.0,5,2088,2,2.0,1,Y,TA,6.68,Normal,261230
165,NridgHt,1987,7278.0,5,1596,3,2.0,1,Y,TA,5.53,Normal,385720
166,Sawyer,1978,36427.0,9,2066,2,2.0,2,Y,Gd,13.49,Normal,369640
167,Crawfor,2003,7140.0,4,400,1,2.0,0,Y,TA,15.36,Normal,174590
168,CollgCr,1998,9089.0,2,2295,3,0.0,0,Y,TA,5.23,Normal,353000
169,NridgHt,1987,6557.0,4,1688,2,2.0,1,N,Ex,7.55,Family,389400
170,NridgHt,2001,9637.0,1,2039,2,0.0,1,Y,TA,12.18,Normal,370560
171,NridgHt,2004,12149.0,2,890,1,0.0,0,Y,Ex,7.69,Normal,237800
172,Edwards,1990,7557.0,1,1085,1,0.0,1,Y,Ex,10.38,Abnorml,163210
173,OldTown,1969,19449.0,8,1573,2,1.0,2,Y,Fa,11.12,Normal,200850
174,Sawyer,2003,9016.0,8,1491,2,3.0,0,Y,TA,5.75,Abnorml,283650
175,OldTown,2000,9159.0,7,1642,1,1.0,0,Y,TA,,Normal,267350
176,CollgCr,2019,5078.0,5,2042,3,1.0,0,Y,Gd,7.98,Normal,374750
177,Somerst,1960,9862.0,8,617,1,1.0,2,Y,Ex,3.13,Normal,315490
178,CollgCr,1979,7481.0,2,1987,2,0.0,0,Y,Gd,4.04,Normal,315670
179,NAmes,2015,5902.0,10,1504,2,4.0,2,Y,Ex,,Normal,403190
180,NAmes,1986,5426.0,6,1398,2,3.0,1,Y,TA,11.71,Abnorml,270500
181,NridgHt,2016,30427.0,10,764,1,2.0,1,Y,TA,11.85,Normal,395420
182,Mitchel,1950,7013.0,2,1752,2,0.0,0,Y,TA,11.0,Family,237350
183,Edwards,1952,3861.0,5,400,1,1.0,1,N,Gd,9.76,Normal,132750
184,NAmes,2006,5643.0,7,1824,2,2.0,2,Y,TA,9.65,Normal,363160
185,BrkSide,1975,7796.0,5,754,1,1.0,0,Y,TA,9.11,Family,126360
186,CollgCr,1986,10515.0,5,1527,2,1.0,2,N,Fa,9.63,Family,228020
187,Mitchel,1980,10558.0,2,1440,2,1.0,0,Y,TA,9.9,Normal,245130
188,Somerst,1978,11221.0,4,2085,2,1.0,0,Y,TA,2.38,Normal,378610
189,CollgCr,2016,5795.0,3,1411,3,2.0,0,N,TA,4.84,Normal,249260
190,Edwards,1956,9485.0,4,1153,2,1.0,2,Y,Gd,3.88,Normal,223970
191,OldTown,2004,5162.0,7,1247,2,2.0,1,Y,Gd,12.43,Normal,218780
192,Sawyer,2013,5869.0,7,2136,3,0.0,1,Y,TA,14.62,Normal,298200
193,NAmes,1996,5056.0,7,1768,3,2.0,2,Y,Gd,0.2,Normal,394610
194,Crawfor,1978,4416.0,4,1307,1,2.0,2,Y,TA,14.26,Normal,245550
195,Sawyer,1961,13620.0,10,1382,1,3.0,2,Y,Gd,8.35,Normal,305220
196,Crawfor,1998,11288.0,1,716,1,0.0,1,N,TA,12.05,Normal,128850
197,Crawfor,1983,13037.0,4,1694,2,1.0,2,Y,TA,10.03,Normal,285730
198,CollgCr,1960,8159.0,2,620,1,0.0,0,Y,TA,13.76,Normal,98570
199,Somerst,1975,11797.0,4,1876,2,2.0,1,N,TA,8.84,Partial,347900
200,BrkSide,2018,3316.0,10,1564,2,3.0,1,Y,TA,2.55,Family,381410
201,OldTown,1968,12317.0,4,2693,3,1.0,1,Y,Gd,7.58,Normal,386280
202,NAmes,1962,8741.0,10,950,1,3.0,2,Y,Gd,10.06,Normal,328280
203,CollgCr,1998,10946.0,5,1449,1,0.0,1,Y,TA,7.14,Family,259880
204,CollgCr,1964,9674.0,7,2399,2,1.0,1,Y,TA,10.63,Family,393320
205,Crawfor,2015,4884.0,5,2096,3,1.0,1,Y,Gd,7.74,Family,399280
206,Edwards,2010,3783.0,3,1152,1,1.0,1,Y,Fa,5.62,Normal,152960
207,NridgHt,2019,5604.0,8,1612,1,1.0,2,Y,TA,3.66,Normal,465080
208,Mitchel,2014,10611.0,10,1501,1,2.0,1,Y,TA,6.43,Normal,269580
209,CollgCr,1967,11296.0,3,1641,1,1.0,0,Y,TA,8.82,Normal,251190
210,Sawyer,1965,4037.0,8,1151,1,1.0,1,Y,TA,0.2,Normal,278370
211,NAmes,1974,4898.0,3,1455,1,1.0,1,Y,TA,4.88,Normal,206810
212,NAmes,1983,5572.0,8,701,1,2.0,2,Y,TA,0.2,Normal,247890
213,CollgCr,2012,6691.0,8,1568,2,3.0,2,Y,Gd,5.53,Normal,419020
214,OldTown,2002,4049.0,5,1725,2,,0,Y,Gd,12.79,Normal,276850
215,Edwards,1995,3929.0,8,1386,2,2.0,2,Y,Gd,3.26,Normal,277020
216,Edwards,2012,5304.0,3,692,1,1.0,0,Y,TA,10.81,Normal,132640
217,CollgCr,1995,8353.0,1,1994,2,0.0,0,Y,Ex,19.4,Normal,247120
218,NAmes,1976,4433.0,1,1682,1,0.0,1,Y,Gd,13.81,Family,167600
219,NridgHt,1979,7550.0,5,1137,1,1.0,2,Y,TA,8.53,Normal,264520
220,NAmes,1986,13582.0,10,1360,2,2.0,3,Y,TA,11.43,Normal,300640
221,BrkSide,1956,4173.0,2,750,1,1.0,0,Y,Gd,2.52,Normal,170800
222,Crawfor,2002,7215.0,5,987,1,2.0,2,Y,TA,1.71,Normal,256750
223,Sawyer,1996,13354.0,8,1231,2,2.0,1,Y,Gd,8.11,Normal,289300
224,Somerst,2001,6490.0,3,2114,2,1.0,1,Y,Gd,9.59,Normal,328720
225,NridgHt,1987,6005.0,8,1180,2,3.0,1,Y,Ex,12.38,Abnorml,275020
226,NridgHt,2005,14313.0,4,1820,2,1.0,1,N,Ex,5.72,Normal,478720
227,Mitchel,2017,6864.0,9,1231,1,2.0,0,Y,Gd,8.77,Partial,270170
228,Mitchel,1990,13897.0,6,1624,2,1.0,1,Y,Ex,8.64,Normal,365390
229,Edwards,1981,9914.0,6,1429,2,1.0,1,Y,Ex,7.47,Normal,296760
230,NridgHt,1957,6740.0,2,1937,2,0.0,0,Y,Fa,7.71,Normal,305890
231,BrkSide,2005,10168.0,5,1233,2,2.0,2,Y,Gd,4.58,Normal,259640
232,NAmes,2014,9390.0,9,714,1,2.0,1,N,TA,9.12,Partial,239320
233,Somerst,1999,13328.0,1,809,1,1.0,0,Y,TA,8.78,Normal,202760
234,NridgHt,2011,6082.0,8,1234,2,2.0,1,Y,TA,6.24,Normal,406720
235,Sawyer,2011,8167.0,5,875,1,1.0,1,Y,TA,10.66,Normal,189480
236,OldTown,2006,7758.0,8,1705,2,3.0,2,Y,Fa,12.11,Partial,246720
237,CollgCr,1985,11376.0,7,1267,2,2.0,2,Y,TA,10.71,Normal,323790
238,CollgCr,1957,4792.0,5,2687,3,1.0,1,Y,Fa,3.83,Normal,371660
239,Somerst,1950,13302.0,4,631,1,1.0,0,Y,Gd,8.4,Normal,201650
240,Crawfor,1964,10101.0,7,1602,3,2.0,1,Y,Gd,4.35,Normal,470420
241,Crawfor,1980,4141.0,2,936,1,0.0,1,Y,Ex,8.39,Normal,134200
242,OldTown,2002,14637.0,6,1253,1,1.0,2,Y,TA,4.37,Normal,229190
243,CollgCr,1982,24447.0,1,1571,2,1.0,0,Y,TA,13.11,Abnorml,236520
244,BrkSide,1951,13202.0,7,400,1,1.0,0,Y,Gd,11.13,Normal,159370
245,Sawyer,1964,16329.0,7,1618,1,3.0,0,Y,TA,12.61,Normal,267860
246,Somerst,2019,8349.0,1,2451,2,0.0,0,Y,Ex,12.21,Normal,363880
247,OldTown,2020,3486.0,8,1273,1,2.0,2,Y,Gd,6.92,Normal,257620
248,NAmes,1976,3182.0,5,1630,2,2.0,0,Y,TA,6.3,Normal,286470
249,BrkSide,2007,9088.0,8,2012,2,2.0,1,Y,TA,14.97,Abnorml,279140
250,NridgHt,2001,5950.0,1,1418,2,0.0,1,Y,Fa,7.34,Normal,286890
251,OldTown,2016,5064.0,2,1210,1,0.0,0,Y,TA,2.58,Normal,147220
252,Crawfor,2013,7753.0,5,400,1,2.0,2,Y,TA,12.03,Family,194800
253,NridgHt,1994,10883.0,2,1820,2,0.0,1,Y,Gd,8.58,Normal,333390
254,Crawfor,1978,3869.0,4,1443,1,1.0,0,N,Gd,,Normal,265740
255,Edwards,1994,6392.0,7,994,1,2.0,1,Y,TA,8.97,Normal,235120
256,Edwards,1972,17020.0,2,1563,2,1.0,0,Y,TA,7.92,Normal,216540
257,Mitchel,1974,4673.0,7,1208,2,2.0,1,Y,TA,14.1,Normal,213470
258,Mitchel,1993,12358.0,2,1236,1,,0,Y,TA,1.85,Normal,182460
259,Mitchel,1990,6278.0,2,1803,2,0.0,1,Y,Gd,5.66,Abnorml,291570
260,BrkSide,1991,10510.0,6,831,1,1.0,1,Y,Gd,4.45,Normal,186040
261,Edwards,1977,13848.0,8,2024,2,2.0,2,Y,Gd,0.2,Partial,402670
262,CollgCr,1979,11589.0,2,801,1,0.0,0,Y,TA,11.49,Normal,122500
263,OldTown,1950,12604.0,3,1169,2,0.0,1,N,TA,5.77,Family,187100
264,Mitchel,1992,4498.0,10,2461,3,2.0,2,Y,Gd,11.62,Normal,411020
265,OldTown,1990,13961.0,10,2064,2,3.0,2,Y,Gd,9.56,Family,343510
266,Sawyer,2016,5223.0,6,1549,2,1.0,2,Y,Gd,10.43,Abnorml,254270
267,Crawfor,1985,9109.0,5,1030,1,1.0,0,Y,TA,6.18,Partial,222880
268,Mitchel,1983,9103.0,4,1235,1,2.0,1,Y,Gd,4.94,Normal,250910
269,Mitchel,1954,10196.0,7,1537,2,3.0,0,Y,TA,8.36,Normal,294190
270,Somerst,1963,9468.0,6,1519,2,2.0,1,Y,TA,11.68,Normal,290060
271,Edwards,1974,5246.0,3,1455,2,0.0,1,Y,Gd,7.8,Normal,211970
272,Mitchel,1976,4074.0,1,1485,1,0.0,1,N,TA,5.19,Normal,142590
273,CollgCr,1975,12374.0,2,1393,1,2.0,0,Y,Gd,3.2,Family,282000
274,CollgCr,1977,8779.0,10,779,1,3.0,1,Y,TA,8.82,Normal,321450
275,Mitchel,2004,14213.0,5,1242,2,1.0,1,Y,TA,5.78,Abnorml,234900
276,NridgHt,1959,7823.0,5,1957,2,2.0,1,Y,TA,7.71,Normal,430140
277,Somerst,1973,3962.0,5,816,1,2.0,0,N,Gd,7.04,Abnorml,274280
278,NAmes,1961,12968.0,8,1405,1,2.0,2,Y,Gd,6.22,Partial,328900
279,Somerst,1971,6648.0,1,1090,2,0.0,0,Y,TA,9.18,Normal,153040
280,Mitchel,1998,9492.0,1,1556,1,1.0,0,Y,TA,10.22,Normal,201570
281,NridgHt,1953,5788.0,3,1306,2,0.0,1,Y,,15.86,Normal,225120
282,Edwards,1974,18203.0,5,2239,3,1.0,1,Y,TA,11.03,Abnorml,292840
283,Somerst,1951,5161.0,7,1753,1,1.0,1,Y,Gd,14.37,Abnorml,332440
284,Crawfor,2017,6758.0,5,844,1,1.0,0,Y,TA,4.73,Normal,201610
285,Crawfor,2001,8442.0,5,1836,2,1.0,1,Y,TA,1.6,Normal,343180
286,Edwards,1967,4634.0,10,1113,3,3.0,1,Y,Fa,7.94,Normal,287070
287,NridgHt,1964,9438.0,2,1212,1,0.0,0,Y,TA,11.43,Normal,253320
288,CollgCr,1957,17911.0,6,1657,3,1.0,2,N,Gd,10.8,Abnorml,356660
289,Edwards,1983,6260.0,6,1254,2,2.0,2,Y,Gd,12.85,Normal,253160
290,CollgCr,2003,9748.0,5,1946,2,1.0,1,Y,TA,0.2,Partial,354480
291,Somerst,1991,2023.0,9,1113,1,3.0,2,Y,Ex,13.01,Partial,316330
292,Somerst,2012,7846.0,3,1191,2,1.0,0,Y,TA,9.34,Family,238610
293,OldTown,1974,6841.0,10,1172,1,2.0,2,N,Gd,1.82,Normal,223330
294,CollgCr,1969,5313.0,4,1217,2,1.0,1,Y,Gd,10.89,Normal,205790
295,NAmes,1983,13738.0,6,2050,2,2.0,2,N,TA,8.68,Abnorml,316060
296,NAmes,1964,6796.0,6,1814,1,0.0,1,Y,Gd,9.52,Normal,307650
297,Sawyer,2019,7321.0,9,2355,2,3.0,2,Y,TA,12.0,Partial,354670
298,CollgCr,1963,6625.0,5,2634,3,3.0,2,Y,Gd,9.72,Normal,499460
299,NAmes,1983,3068.0,3,985,1,1.0,1,Y,TA,2.11,Normal,199820
300,Mitchel,1987,4542.0,1,1535,2,0.0,0,Y,TA,7.43,Partial,179460
301,CollgCr,1954,12936.0,4,912,1,1.0,3,N,Gd,1.53,Abnorml,272600
302,Crawfor,1983,2786.0,9,1111,1,3.0,1,N,TA,10.6,Normal,334870
303,NridgHt,1982,5454.0,1,1185,1,1.0,0,Y,Fa,13.59,Normal,206140
304,Sawyer,1968,6551.0,9,971,1,1.0,2,N,TA,3.03,Normal,219740
305,Somerst,1959,19130.0,6,974,1,2.0,1,N,TA,5.31,Normal,250230
306,CollgCr,1953,11749.0,2,1428,2,2.0,0,Y,Gd,4.47,Normal,239570
307,BrkSide,1950,6055.0,4,892,1,1.0,1,Y,Gd,6.18,Normal,177090
308,BrkSide,1984,15359.0,6,1921,2,1.0,1,Y,Ex,9.65,Normal,297230
309,OldTown,1956,5524.0,4,1041,1,1.0,0,Y,TA,6.23,Normal,158640
310,Sawyer,2018,13250.0,2,2905,2,0.0,2,Y,TA,10.61,Normal,315060
311,Somerst,1967,4055.0,7,1274,1,2.0,1,N,TA,12.26,Normal,226280
312,Crawfor,1996,13682.0,7,1536,2,1.0,2,Y,TA,12.41,Normal,287200
313,BrkSide,1997,6530.0,2,852,2,1.0,0,Y,Gd,3.53,Normal,144570
314,NAmes,1985,4784.0,3,2353,3,0.0,0,Y,TA,13.54,Normal,283110
315,Crawfor,2012,7177.0,3,2060,1,0.0,0,Y,TA,13.86,Normal,262140
316,Mitchel,1957,9190.0,7,1648,1,3.0,0,Y,Gd,14.21,Normal,290150
317,Sawyer,1966,6247.0,8,827,1,2.0,1,Y,TA,7.37,Normal,206120
318,NAmes,1967,10553.0,8,1605,2,2.0,1,Y,Fa,4.99,Abnorml,270200
319,BrkSide,1959,5977.0,10,939,2,2.0,3,Y,Gd,4.06,Abnorml,278610
320,NridgHt,1970,10909.0,8,2231,2,1.0,1,Y,TA,3.59,Partial,516270
321,OldTown,1972,9980.0,4,1905,2,0.0,0,Y,Gd,8.05,Partial,240860
322,Crawfor,2004,7760.0,2,1548,2,1.0,0,Y,Gd,11.39,Normal,260570
323,Somerst,1971,6416.0,7,400,1,2.0,2,Y,Fa,13.23,Family,204310
324,Crawfor,2012,8630.0,10,1008,1,2.0,1,Y,TA,6.06,Normal,481740
325,NridgHt,2004,10534.0,10,1844,2,3.0,2,Y,TA,7.85,Normal,505100
326,CollgCr,2014,22429.0,3,2106,3,0.0,1,Y,Gd,7.58,Partial,314310
327,Mitchel,1957,12796.0,3,2055,2,1.0,0,Y,TA,5.46,Normal,308560
328,Somerst,2019,13032.0,1,704,1,0.0,0,N,Gd,10.94,Normal,142150
329,Somerst,1993,37476.0,2,1651,2,1.0,0,N,TA,9.45,Normal,242870
330,Edwards,2019,10354.0,6,2008,2,3.0,2,Y,TA,8.57,Normal,317150
331,NAmes,1975,10194.0,6,671,2,0.0,0,Y,TA,9.43,Normal,210360
332,NridgHt,2017,11375.0,4,1496,1,1.0,1,Y,TA,10.46,Abnorml,360820
333,Edwards,1991,4831.0,4,1637,2,2.0,1,N,TA,10.42,Normal,227890
334,Mitchel,1955,6408.0,9,1350,1,1.0,2,Y,TA,4.65,Normal,317810
335,Mitchel,1979,6211.0,5,574,1,2.0,1,Y,Ex,11.59,Normal,162570
336,Sawyer,1959,11059.0,9,1337,1,3.0,1,Y,TA,9.02,Normal,285120
337,CollgCr,2016,7333.0,10,1336,1,3.0,1,Y,Gd,6.26,Normal,385120
338,Sawyer,1971,8572.0,4,1426,2,1.0,1,Y,TA,8.94,Normal,228570
339,NAmes,1965,13779.0,3,1218,1,2.0,0,Y,Gd,9.38,Normal,264930
340,BrkSide,1989,12317.0,10,1278,1,4.0,0,Y,Fa,12.33,Normal,260320
341,Edwards,1980,7379.0,7,1480,3,2.0,2,Y,Gd,3.82,Normal,289760
342,Mitchel,1956,5723.0,3,1721,2,0.0,0,Y,TA,13.3,Normal,181780
343,OldTown,2007,14113.0,7,1348,2,1.0,2,Y,TA,8.09,Normal,280890
344,CollgCr,2010,11780.0,6,1295,1,2.0,2,Y,TA,5.98,Normal,310870
345,Mitchel,2002,3583.0,10,1546,1,2.0,2,N,TA,5.85,Normal,318220
346,Somerst,1993,6841.0,3,5094,4,1.0,1,Y,TA,3.99,Normal,679680
347,Crawfor,1978,8690.0,10,1739,3,3.0,2,N,TA,1.04,Normal,440810
348,Crawfor,1988,11809.0,10,1500,1,2.0,3,Y,Ex,10.71,Normal,412610
349,Somerst,1986,12610.0,2,1520,2,1.0,0,Y,TA,15.92,Family,242950
350,Edwards,1961,9220.0,2,1980,2,2.0,0,Y,TA,1.53,Normal,232200
351,Somerst,1955,10720.0,6,524,1,1.0,2,Y,Gd,4.2,Abnorml,229730
352,BrkSide,1967,8261.0,1,513,1,0.0,0,Y,Gd,11.01,Normal,72800
353,Mitchel,1982,5712.0,3,1637,2,1.0,1,N,TA,7.82,Normal,138580
354,OldTown,1961,7020.0,5,1496,1,1.0,1,N,TA,11.34,Abnorml,185800
355,Sawyer,1957,8076.0,10,1585,1,,3,Y,TA,7.59,Normal,306980
356,CollgCr,2010,7862.0,10,1269,1,3.0,3,Y,TA,5.68,Abnorml,364550
357,NridgHt,1976,3116.0,2,1832,1,0.0,1,Y,TA,7.1,Abnorml,312940
358,BrkSide,1991,6558.0,9,1966,2,1.0,2,Y,Gd,0.2,Normal,414820
359,Crawfor,1987,8228.0,1,1742,1,0.0,1,Y,Gd,,Partial,276220
360,Edwards,2002,6950.0,8,1370,1,1.0,1,Y,TA,11.79,Family,250410
361,OldTown,2002,7071.0,9,446,1,2.0,1,Y,TA,12.77,Normal,190580
362,CollgCr,1971,10211.0,9,1885,2,1.0,3,Y,TA,13.62,Normal,392450
363,NAmes,2010,4664.0,3,2111,3,2.0,1,N,TA,9.76,Normal,293920
364,OldTown,1976,3545.0,9,1822,2,2.0,2,Y,TA,0.2,Abnorml,334320
365,Crawfor,2009,6722.0,2,1060,1,0.0,0,Y,Gd,5.46,Partial,214370
366,Edwards,1978,11722.0,6,1837,2,1.0,0,Y,TA,13.3,Abnorml,196300
367,OldTown,1957,18601.0,5,1930,1,2.0,1,Y,Ex,14.49,Normal,340540
368,Sawyer,2003,11828.0,4,2279,2,1.0,0,Y,TA,13.45,Normal,313500
369,CollgCr,1952,3839.0,1,1062,1,0.0,1,Y,TA,7.05,Normal,169270
370,CollgCr,2004,7122.0,8,1387,2,3.0,2,Y,TA,2.77,Normal,331240
371,Mitchel,1953,9095.0,4,1874,3,1.0,1,Y,Gd,7.84,Normal,328670
372,NAmes,1964,8743.0,7,1529,2,2.0,2,Y,TA,8.06,Normal,287940
373,Edwards,1992,10476.0,5,941,1,2.0,0,Y,TA,14.26,Normal,189980
374,Somerst,2016,5058.0,4,1707,2,1.0,1,Y,TA,8.91,Normal,269180
375,CollgCr,1979,8264.0,9,1789,2,,2,Y,Gd,8.07,Normal,477200
376,CollgCr,1958,9871.0,1,1544,2,0.0,1,Y,Ex,8.29,Normal,226440
377,CollgCr,1966,12089.0,8,1610,3,3.0,3,Y,,9.6,Normal,381110
378,OldTown,2013,5347.0,8,1371,1,2.0,0,Y,TA,10.51,Normal,183160
379,Crawfor,2001,6732.0,4,2239,2,2.0,1,Y,TA,5.1,Partial,373290
380,Edwards,1957,2070.0,3,1050,2,1.0,0,Y,TA,3.77,Normal,164390
381,Edwards,1977,5863.0,1,4742,4,1.0,0,Y,,13.48,Normal,538160
382,OldTown,1968,6155.0,10,1505,1,3.0,2,Y,TA,1.44,Normal,302410
383,Mitchel,1962,4805.0,10,1939,2,3.0,2,Y,Gd,14.55,Normal,400120
384,NAmes,2010,8691.0,3,751,1,0.0,1,Y,Ex,0.36,Normal,165050
385,Crawfor,1993,7779.0,1,845,1,1.0,0,Y,Gd,5.66,Normal,162460
386,OldTown,1962,2585.0,2,481,1,,0,Y,TA,11.89,Normal,94510
387,Mitchel,1996,8910.0,1,1516,2,0.0,0,Y,Gd,8.0,Normal,212920
388,OldTown,1979,5029.0,9,941,1,2.0,2,Y,TA,2.73,Normal,250570
389,NAmes,1954,10199.0,9,1308,1,2.0,1,Y,,9.71,Normal,313230
390,Somerst,1981,4214.0,2,1831,2,0.0,0,Y,Ex,8.27,Normal,323220
391,CollgCr,1963,8121.0,8,1179,1,3.0,1,Y,TA,7.14,Normal,332890
392,Sawyer,1967,6944.0,2,1616,2,0.0,0,Y,TA,5.5,Normal,182060
393,NridgHt,2012,9309.0,4,1350,3,0.0,1,Y,TA,7.86,Normal,324600
394,NridgHt,2000,8515.0,6,1836,2,2.0,1,Y,TA,5.67,Normal,476830
395,CollgCr,1959,7042.0,8,1738,1,2.0,2,Y,Gd,17.74,Normal,306820
396,Sawyer,2010,3711.0,9,1154,1,4.0,2,Y,Gd,7.04,Normal,321160
397,OldTown,1990,3822.0,1,1416,1,0.0,0,Y,Gd,6.5,Normal,180200
398,Mitchel,2012,5974.0,2,2022,2,1.0,0,Y,TA,5.83,Normal,292020
399,Sawyer,2003,7967.0,3,1697,1,0.0,1,Y,Fa,15.11,Normal,200790
400,Somerst,1974,5902.0,4,802,1,1.0,1,Y,TA,1.44,Normal,218860
401,Crawfor,1987,10936.0,10,1828,2,,2,Y,TA,9.44,Normal,411200
402,Somerst,1987,6958.0,8,958,1,2.0,2,Y,Gd,7.04,Normal,305540
403,Somerst,2001,4938.0,4,2206,3,1.0,0,Y,Gd,2.31,Normal,403360
404,CollgCr,1967,6961.0,10,2012,2,2.0,3,Y,Gd,4.72,Normal,448720
405,NridgHt,1973,8956.0,5,1645,2,1.0,1,N,Gd,9.27,Family,409350
406,OldTown,1967,9411.0,6,1579,2,1.0,2,Y,TA,4.54,Normal,264150
407,NAmes,1971,20463.0,5,1395,1,2.0,1,Y,Gd,9.04,Normal,360110
408,BrkSide,1961,5726.0,2,1839,2,0.0,1,Y,Gd,14.92,Normal,217670
409,NAmes,1952,7711.0,10,1315,2,3.0,1,Y,Ex,8.68,Normal,417250
410,NridgHt,2016,9900.0,1,1618,2,1.0,0,Y,TA,,Normal,334420
411,NAmes,1955,7907.0,2,1936,2,1.0,0,Y,Gd,4.61,Family,263790
412,Edwards,2013,6228.0,3,1219,2,0.0,0,Y,TA,6.86,Normal,97930
413,Crawfor,1950,3687.0,3,1192,1,0.0,0,Y,,6.59,Normal,232540
414,NAmes,2005,6197.0,2,903,2,1.0,1,Y,Ex,8.61,Normal,172900
415,NridgHt,1973,4677.0,1,968,1,0.0,0,Y,Ex,9.25,Family,228090
416,NridgHt,1986,3374.0,7,586,1,1.0,1,Y,TA,14.92,Partial,266320
417,Crawfor,1970,5374.0,10,1865,2,3.0,2,Y,TA,7.99,Abnorml,457650
418,CollgCr,1984,4739.0,2,2404,2,0.0,0,N,Gd,3.39,Normal,379500
419,BrkSide,1982,10712.0,3,2213,2,2.0,2,Y,Gd,12.62,Normal,315520
420,Edwards,1987,10805.0,6,687,1,1.0,1,Y,Ex,13.05,Normal,239500
421,Edwards,1977,5091.0,10,1862,2,3.0,1,N,TA,8.93,Normal,352460
422,OldTown,1988,7024.0,7,2211,3,1.0,2,Y,Gd,7.01,Normal,373820
423,OldTown,2008,3159.0,8,1272,2,1.0,1,N,Gd,10.49,Partial,232160
424,Somerst,1980,6248.0,6,1551,2,2.0,3,Y,TA,7.16,Normal,312210
425,NAmes,1975,9766.0,5,496,1,2.0,1,Y,TA,0.2,Normal,251150
426,Edwards,1959,12084.0,2,1633,2,0.0,1,Y,Gd,10.25,Normal,215510
427,NridgHt,1975,5601.0,9,968,1,2.0,3,Y,TA,11.57,Normal,388390
428,Edwards,1958,13536.0,9,1600,2,1.0,1,Y,Gd,13.76,Normal,284090
429,CollgCr,1962,3749.0,1,719,2,0.0,0,Y,TA,5.08,Abnorml,160600
430,OldTown,2017,4287.0,8,1771,3,3.0,2,Y,TA,8.9,Normal,238560
431,Edwards,1956,11408.0,1,2012,3,0.0,1,Y,TA,8.99,Normal,215950
432,NridgHt,1984,18449.0,8,1108,1,2.0,1,Y,Ex,8.34,Normal,433950
433,Crawfor,2009,10239.0,9,932,1,2.0,1,Y,Gd,8.46,Normal,332850
434,Somerst,2017,7840.0,2,422,1,0.0,0,Y,Gd,8.15,Normal,152620
435,NridgHt,1960,2669.0,5,1367,1,2.0,1,N,Gd,8.85,Normal,310050
436,NAmes,1961,2910.0,2,1209,2,1.0,0,Y,TA,10.96,Normal,197990
437,Mitchel,1976,8535.0,6,724,1,1.0,1,Y,Ex,12.88,Normal,239650
438,OldTown,1989,6689.0,10,1727,1,2.0,1,Y,TA,4.97,Partial,365440
439,OldTown,2018,4602.0,1,1275,2,0.0,0,Y,TA,7.31,Normal,164020
440,CollgCr,1964,8266.0,4,962,1,0.0,0,Y,TA,6.31,Normal,186670
441,NAmes,1961,8474.0,10,1223,1,3.0,2,N,TA,5.74,Family,276900
442,BrkSide,1967,12828.0,4,2036,2,1.0,1,Y,Gd,1.54,Normal,350210
443,CollgCr,2012,8566.0,2,1801,2,2.0,1,Y,TA,8.1,Abnorml,303300
444,CollgCr,1952,14785.0,5,1435,2,1.0,3,N,Gd,9.92,Partial,293400
445,CollgCr,1976,8032.0,6,1810,2,1.0,1,Y,Ex,7.38,Abnorml,354600
446,Mitchel,1958,7552.0,7,920,1,2.0,2,Y,TA,7.96,Normal,206540
447,BrkSide,1961,13621.0,4,1516,2,0.0,0,Y,TA,9.67,Normal,221740
448,Crawfor,2015,4905.0,10,1574,1,3.0,1,Y,Gd,13.64,Normal,400450
449,Crawfor,1950,32677.0,6,1265,1,1.0,1,Y,Fa,6.32,Normal,225800
450,Crawfor,1972,9651.0,3,1718,2,2.0,0,Y,Gd,3.31,Partial,348260
451,Edwards,2014,9678.0,10,1110,2,3.0,2,Y,TA,7.64,Normal,248660
452,CollgCr,1993,10402.0,10,1755,2,2.0,1,Y,TA,15.53,Normal,399930
453,OldTown,1955,20451.0,5,1776,3,2.0,0,Y,TA,3.36,Normal,280640
454,CollgCr,1983,11890.0,1,400,1,0.0,1,Y,TA,10.6,Normal,88010
455,Sawyer,2018,3586.0,6,2095,3,1.0,1,N,TA,12.63,Normal,298840
456,NAmes,1978,16138.0,6,400,1,2.0,0,Y,TA,0.2,Normal,202910
457,NAmes,1987,6746.0,2,1192,2,0.0,1,Y,TA,9.64,Normal,212250
458,NridgHt,1987,8440.0,7,2013,3,3.0,1,Y,Gd,10.41,Abnorml,517500
459,NAmes,1996,4220.0,9,1341,1,2.0,3,Y,TA,6.93,Normal,315360
460,NAmes,1963,10408.0,2,767,1,1.0,0,Y,TA,5.41,Family,141590
461,NAmes,2009,5776.0,8,953,1,3.0,1,Y,TA,5.64,Normal,276350
462,NridgHt,2020,8411.0,2,2013,1,1.0,1,Y,TA,6.69,Abnorml,398120
463,NAmes,1960,6941.0,8,539,1,2.0,2,Y,TA,6.79,Normal,210710
464,NAmes,2008,20946.0,5,2064,2,,2,Y,Gd,6.04,Normal,385930
465,CollgCr,2008,21554.0,1,1472,2,1.0,0,Y,TA,6.62,Family,212790
466,Sawyer,2002,8188.0,10,904,1,3.0,2,Y,Gd,12.76,Normal,222530
467,CollgCr,1976,8260.0,2,1208,1,1.0,1,Y,TA,3.14,Normal,221970
468,NAmes,1983,6637.0,6,991,1,1.0,1,Y,TA,1.0,Normal,245620
469,Crawfor,2009,13908.0,2,1933,2,1.0,0,Y,TA,12.83,Normal,273150
470,Crawfor,1960,6787.0,10,1866,3,4.0,1,Y,Gd,7.23,Abnorml,449220
471,CollgCr,2008,6480.0,8,640,1,3.0,2,N,Ex,6.45,Normal,305410
472,CollgCr,2015,13049.0,9,1298,2,2.0,2,Y,TA,7.56,Partial,353790
473,CollgCr,1998,6112.0,5,1068,1,1.0,1,Y,Ex,8.84,Normal,251680
474,Sawyer,1974,7850.0,5,2147,3,2.0,2,Y,TA,,Normal,288030
475,CollgCr,1989,3628.0,7,825,1,2.0,0,Y,TA,10.02,Abnorml,232670
476,Mitchel,1953,11376.0,8,2302,2,2.0,3,Y,Gd,4.15,Normal,437850
477,BrkSide,2016,21113.0,9,1483,2,2.0,2,Y,TA,6.79,Normal,310060
478,Somerst,1974,11474.0,1,919,1,0.0,0,Y,TA,0.2,Normal,146830
479,NAmes,1954,16616.0,7,1161,2,2.0,1,N,TA,12.69,Normal,247690
480,Crawfor,2006,5240.0,2,1099,2,0.0,0,N,Gd,7.3,Normal,215860
481,Sawyer,1996,9003.0,3,863,1,1.0,1,N,TA,10.68,Normal,113590
482,BrkSide,1994,4992.0,9,1547,1,2.0,2,Y,Gd,9.91,Normal,302270
483,NAmes,1953,7139.0,3,886,1,1.0,1,Y,TA,10.2,Abnorml,200130
484,Sawyer,2003,11770.0,8,410,1,3.0,1,N,Ex,7.97,Normal,191200
485,BrkSide,1995,8418.0,5,1310,1,2.0,0,N,TA,9.55,Normal,226420
486,Mitchel,2006,3948.0,3,599,1,,0,Y,Gd,4.15,Normal,188540
487,Somerst,2008,4145.0,4,1124,1,1.0,2,Y,TA,3.32,Normal,245450
488,Somerst,1965,4010.0,6,1045,1,2.0,0,Y,TA,7.6,Normal,255830
489,Edwards,1964,10228.0,8,1064,1,2.0,3,Y,TA,5.28,Normal,279800
490,Sawyer,2015,22452.0,7,2500,3,1.0,1,Y,Gd,13.7,Abnorml,363830
491,Crawfor,1987,15810.0,10,1528,1,3.0,2,Y,TA,9.5,Normal,329260
492,Somerst,1981,3100.0,9,1623,1,2.0,2,Y,TA,5.13,Normal,387300
493,CollgCr,1970,16281.0,8,612,1,4.0,1,Y,Ex,6.91,Normal,339750
494,NAmes,1995,12777.0,7,1173,1,3.0,3,Y,TA,8.53,Abnorml,299620
495,NridgHt,2003,3694.0,3,1608,2,1.0,1,N,,7.73,Normal,261270
496,Crawfor,1950,6875.0,5,988,1,1.0,1,Y,TA,9.09,Normal,221540
497,NAmes,1989,13835.0,2,1954,3,1.0,0,Y,TA,8.27,Family,293520
498,OldTown,2020,10535.0,4,899,1,0.0,1,Y,TA,2.44,Normal,158040
499,Mitchel,1969,4157.0,10,1357,1,1.0,3,Y,Gd,0.2,Normal,309640
500,Somerst,1969,10857.0,5,1207,1,1.0,1,Y,TA,6.51,Normal,298120
501,CollgCr,2012,2747.0,2,1582,2,0.0,2,Y,TA,10.24,Normal,229790
502,OldTown,1954,7157.0,7,1180,2,0.0,1,Y,Gd,6.55,Abnorml,258440
503,Edwards,1978,,10,1365,2,2.0,3,Y,TA,12.95,Normal,253250
504,NAmes,1982,8074.0,9,1382,1,2.0,2,Y,TA,7.81,Normal,307900
505,NridgHt,2006,6234.0,3,1133,2,1.0,0,Y,Ex,13.43,Normal,306770
506,Somerst,1959,12480.0,5,1743,2,1.0,1,Y,TA,12.61,Family,310250
507,NridgHt,1980,13024.0,6,1619,1,,1,Y,TA,12.21,Family,331660
508,NridgHt,1960,15401.0,3,1456,3,2.0,0,Y,,3.19,Normal,323560
509,NAmes,2005,12387.0,3,1285,1,1.0,1,Y,Gd,8.07,Normal,264850
510,CollgCr,1994,13737.0,3,1898,2,,1,Y,Gd,12.89,Normal,302980
511,CollgCr,1985,11541.0,10,1382,2,2.0,2,Y,Gd,9.09,Family,421150
512,NAmes,1977,9136.0,8,1347,2,2.0,2,Y,TA,10.22,Normal,318540
513,Sawyer,1960,8366.0,9,1552,1,2.0,2,Y,TA,2.45,Normal,332720
514,NAmes,2015,7105.0,9,2348,3,2.0,2,Y,Gd,15.68,Family,400490
515,NridgHt,1995,4363.0,10,830,1,,2,N,Gd,4.83,Abnorml,412540
516,CollgCr,1972,4962.0,2,1885,2,0.0,0,Y,Gd,0.2,Normal,344220
517,NAmes,1979,6948.0,9,553,1,2.0,3,Y,TA,6.6,Family,244890
518,CollgCr,2001,9027.0,1,1609,1,0.0,0,Y,Gd,0.2,Normal,299930
519,Somerst,2001,16442.0,5,2288,3,1.0,1,Y,TA,3.66,Normal,378880
520,NridgHt,1982,7835.0,6,1744,2,0.0,1,N,TA,18.23,Partial,282840
521,BrkSide,1971,13213.0,4,1585,2,1.0,2,Y,,6.48,Normal,260200
522,NAmes,1996,13723.0,2,1220,2,,0,Y,TA,2.29,Normal,187360
523,NridgHt,1996,7126.0,2,1516,2,1.0,1,Y,Gd,8.1,Normal,374730
524,Sawyer,1992,10770.0,9,1374,1,4.0,2,Y,,4.41,Normal,350980
525,OldTown,1955,7083.0,4,1107,1,2.0,1,Y,Gd,11.46,Normal,229000
526,NAmes,1983,15495.0,4,1355,1,2.0,2,Y,TA,4.44,Normal,278090
527,NAmes,1993,10994.0,10,1599,1,4.0,3,Y,TA,9.08,Normal,342750
528,NAmes,2017,4411.0,2,1116,1,1.0,0,Y,TA,3.41,Normal,139190
529,Crawfor,1987,8673.0,10,1097,1,3.0,2,Y,TA,18.4,Abnorml,344060
530,OldTown,1974,18238.0,10,820,1,3.0,1,Y,Gd,10.01,Normal,219200
531,Somerst,1989,7307.0,6,1695,1,1.0,1,Y,TA,7.42,Normal,367660
532,Sawyer,1962,10007.0,2,1773,2,1.0,0,Y,TA,6.83,Normal,243150
533,OldTown,1956,10511.0,2,1616,1,,0,Y,TA,5.79,Normal,181510
534,NridgHt,1998,4764.0,3,1983,2,1.0,0,N,TA,4.96,Normal,367890
535,NAmes,2020,10327.0,6,1544,2,1.0,1,Y,Fa,4.85,Abnorml,277990
536,Edwards,2010,3985.0,2,1696,1,0.0,0,Y,Ex,14.71,Partial,205240
537,NAmes,1991,5851.0,5,1652,1,1.0,1,Y,TA,5.79,Normal,307380
538,CollgCr,1952,13699.0,2,1454,2,0.0,0,Y,TA,0.2,Partial,280970
539,CollgCr,2020,9562.0,6,1235,2,0.0,1,Y,Gd,3.34,Normal,304930
540,Sawyer,1981,6870.0,1,2607,3,0.0,1,Y,Gd,11.71,Normal,275470
541,NridgHt,1970,10001.0,8,1274,1,1.0,2,Y,TA,6.99,Normal,412270
542,Sawyer,2013,7763.0,1,1167,1,,1,N,Gd,7.46,Normal,99540
543,NAmes,2002,8050.0,2,1717,1,1.0,1,Y,Ex,12.68,Family,271910
544,Mitchel,2003,11110.0,2,1626,2,1.0,0,Y,TA,4.89,Normal,244870
545,NAmes,1969,5561.0,9,798,1,3.0,3,N,TA,10.53,Normal,227240
546,BrkSide,2020,8163.0,1,2061,3,1.0,0,Y,Gd,5.33,Normal,281060
547,Sawyer,1982,6844.0,5,1453,1,2.0,2,Y,Gd,10.3,Normal,253920
548,Somerst,1987,3621.0,6,945,1,2.0,1,Y,Ex,6.44,Normal,295380
549,Edwards,2003,5049.0,6,2094,2,2.0,1,Y,TA,7.03,Partial,330000
550,Sawyer,1996,17524.0,7,1813,1,2.0,2,Y,Ex,11.28,Normal,317100
551,Sawyer,1962,9697.0,9,868,1,3.0,2,Y,TA,10.99,Normal,266960
552,NAmes,1971,4127.0,4,2389,3,1.0,1,Y,Gd,,Normal,313100
553,BrkSide,1975,3703.0,9,1829,2,3.0,2,Y,Gd,6.11,Normal,362230
554,NAmes,2017,7564.0,4,1495,1,0.0,1,Y,TA,14.4,Normal,213860
555,Somerst,2000,17462.0,10,2295,3,2.0,2,Y,TA,10.36,Abnorml,466170
556,NridgHt,1976,7287.0,6,1580,2,1.0,1,Y,TA,6.44,Normal,395730
557,BrkSide,2002,15378.0,8,1486,2,3.0,2,Y,Gd,5.39,Normal,320250
558,Edwards,2002,9539.0,9,5073,4,3.0,2,Y,TA,12.1,Normal,609470
559,CollgCr,1977,10126.0,8,1791,2,,2,Y,Gd,8.46,Normal,407430
560,Edwards,1978,4102.0,9,1738,1,3.0,1,N,TA,7.35,Normal,306530
561,CollgCr,2013,12784.0,6,1507,2,1.0,1,Y,TA,8.46,Normal,311820
562,Somerst,1989,6766.0,1,1105,1,0.0,0,Y,,9.35,Normal,157000
563,Edwards,1960,12317.0,5,1565,1,1.0,1,N,Ex,7.77,Normal,254960
564,BrkSide,2001,5325.0,2,6265,4,0.0,2,N,TA,12.81,Normal,523390
565,CollgCr,1991,8740.0,9,833,1,1.0,1,Y,TA,13.04,Normal,252080
566,CollgCr,1986,9540.0,3,5228,4,1.0,1,Y,TA,10.13,Normal,658920
567,Edwards,2001,7407.0,3,1783,2,1.0,1,Y,Ex,13.5,Family,261660
568,NAmes,2014,9793.0,3,400,1,1.0,0,Y,Gd,8.03,Partial,143790
569,CollgCr,1973,7002.0,7,1603,1,1.0,1,Y,TA,10.76,Normal,272490
570,OldTown,1979,5783.0,6,1261,2,1.0,1,Y,TA,12.02,Normal,227970
571,Edwards,1963,17853.0,10,2154,3,2.0,0,Y,TA,12.08,Normal,335620
572,CollgCr,1995,13517.0,5,1253,1,2.0,0,Y,TA,11.66,Abnorml,228160
573,Somerst,1978,5469.0,3,1830,2,0.0,1,N,Gd,10.52,Normal,328100
574,Crawfor,1974,10630.0,1,5923,4,0.0,1,Y,TA,15.83,Normal,646280
575,Somerst,1999,5518.0,1,1557,2,0.0,0,Y,TA,5.84,Normal,256170
576,CollgCr,1978,4424.0,4,1868,2,0.0,1,Y,Gd,7.38,Normal,332160
577,NAmes,1982,13415.0,10,1269,2,2.0,2,Y,TA,7.14,Normal,325680
578,NAmes,1981,3412.0,6,1998,2,1.0,2,Y,TA,6.53,Normal,318610
579,Somerst,1968,12716.0,9,1003,1,2.0,2,Y,TA,0.2,Abnorml,367840
580,NridgHt,1958,7050.0,2,1647,2,1.0,0,Y,TA,13.5,Abnorml,319870
581,NAmes,2008,7197.0,1,1961,2,1.0,0,Y,Gd,3.9,Normal,274460
582,CollgCr,1956,9819.0,9,1830,2,2.0,3,Y,TA,8.68,Normal,449350
583,OldTown,1973,10698.0,2,2458,3,0.0,1,Y,TA,2.31,Family,272180
584,OldTown,1997,5292.0,1,1118,1,0.0,1,Y,TA,10.48,Abnorml,92050
585,Mitchel,1959,11454.0,5,810,1,1.0,1,Y,Gd,4.86,Family,162040
586,CollgCr,1996,8467.0,10,1003,2,1.0,1,Y,Fa,3.46,Partial,258400
587,NAmes,2002,4269.0,7,1830,2,2.0,2,Y,TA,8.78,Normal,316470
588,OldTown,1997,7349.0,1,1749,2,0.0,1,Y,Fa,5.2,Normal,171200
589,NAmes,1971,15960.0,9,1551,2,3.0,2,Y,TA,5.7,Normal,375000
590,NAmes,1951,18499.0,9,939,1,3.0,1,Y,Fa,8.69,Normal,258130
591,Edwards,2013,11451.0,9,1883,1,3.0,2,Y,TA,11.2,Normal,340810
592,OldTown,1973,4412.0,10,888,1,2.0,1,Y,Gd,4.73,Normal,260060
593,NAmes,2007,10224.0,3,2079,2,1.0,1,Y,TA,4.04,Normal,300970
594,NridgHt,1964,12242.0,10,2929,4,2.0,3,Y,Gd,8.09,Normal,705120
595,Somerst,1961,11499.0,4,1683,2,1.0,2,Y,TA,10.16,Normal,339840
596,NAmes,2005,11845.0,9,1792,2,3.0,2,Y,TA,13.85,Normal,306470
597,Crawfor,2016,9593.0,6,1254,2,2.0,0,Y,TA,3.71,Normal,311720
598,CollgCr,2011,7716.0,8,595,1,1.0,2,Y,TA,6.73,Normal,235790
599,Mitchel,2003,5902.0,7,1199,2,1.0,3,Y,Gd,12.7,Normal,280200
600,Mitchel,1967,3097.0,7,954,1,,1,Y,Gd,15.89,Normal,222400
601,Edwards,2014,9481.0,7,776,1,2.0,1,Y,Gd,4.03,Normal,229230
602,CollgCr,1997,8780.0,8,2361,3,1.0,3,N,,5.04,Normal,416290
603,BrkSide,1962,10572.0,8,1636,2,1.0,2,Y,Gd,9.52,Family,333160
604,OldTown,1959,4099.0,2,1690,2,1.0,2,Y,TA,5.69,Normal,209300
605,CollgCr,2011,11045.0,9,1345,1,1.0,1,Y,TA,4.96,Normal,230160
606,Somerst,1969,22347.0,6,1414,1,1.0,1,Y,Fa,8.98,Abnorml,287480
607,Edwards,2004,8320.0,4,1982,2,1.0,2,Y,TA,,Normal,248790
608,Crawfor,1959,7757.0,6,1484,2,,0,Y,Gd,2.76,Family,353040
609,Sawyer,1969,9337.0,10,1765,2,2.0,2,Y,Gd,13.99,Normal,354940
610,Crawfor,1970,22101.0,9,1402,2,2.0,2,Y,Fa,5.7,Normal,333230
611,Sawyer,1969,4795.0,9,1329,1,3.0,3,Y,TA,9.38,Normal,291840
612,NridgHt,1997,8856.0,5,797,1,1.0,1,Y,Gd,,Normal,258600
613,Somerst,2014,5363.0,8,511,1,2.0,2,Y,Ex,9.3,Partial,298190
614,Mitchel,2014,6086.0,4,1369,3,1.0,1,Y,Gd,6.81,Normal,261170
615,Mitchel,2002,7804.0,7,1528,2,2.0,2,Y,TA,10.87,Normal,290550
616,BrkSide,1964,15691.0,7,857,1,3.0,3,Y,TA,7.31,Normal,229550
617,Sawyer,2018,19687.0,3,1483,1,1.0,1,Y,Gd,10.09,Family,265270
618,Somerst,1988,10009.0,3,1527,2,1.0,1,Y,TA,7.18,Normal,287160
619,CollgCr,1988,6627.0,1,422,1,0.0,0,Y,Ex,11.44,Normal,174350
620,Crawfor,1999,27822.0,2,1042,1,0.0,0,Y,Ex,2.42,Partial,240300
621,NAmes,2004,6460.0,5,1704,2,1.0,1,Y,Ex,3.95,Normal,367070
622,CollgCr,2017,6013.0,5,1694,3,1.0,1,Y,TA,2.36,Normal,314990
623,Edwards,1991,3294.0,2,923,1,0.0,0,Y,Gd,7.77,Normal,174900
624,Somerst,1993,16079.0,5,1579,1,2.0,2,Y,Gd,1.88,Normal,353630
625,Somerst,2002,12982.0,7,2011,2,2.0,2,Y,Fa,5.23,Abnorml,394680
626,CollgCr,1968,26798.0,3,1889,3,1.0,0,Y,TA,3.57,Normal,323030
627,NAmes,1971,3994.0,4,1452,2,1.0,0,N,TA,13.92,Partial,219820
628,CollgCr,1994,16585.0,4,1266,1,1.0,2,Y,TA,4.04,Normal,256560
629,OldTown,1954,8286.0,6,1185,1,2.0,1,Y,Ex,2.85,Normal,243600
630,NAmes,1972,11971.0,4,1734,2,0.0,0,Y,Gd,,Normal,267680
631,NridgHt,2000,3510.0,8,1598,2,2.0,2,Y,TA,14.75,Normal,440710
632,CollgCr,2019,16668.0,4,1815,2,1.0,2,N,TA,7.54,Normal,309710
633,OldTown,1986,,5,1566,2,2.0,0,Y,TA,7.85,Normal,202600
634,OldTown,1978,7846.0,4,1909,2,1.0,0,N,TA,13.16,Normal,239210
635,Somerst,1981,11045.0,2,1547,2,0.0,0,Y,TA,11.51,Abnorml,213230
636,Crawfor,1998,5456.0,7,1892,2,1.0,2,Y,Gd,9.7,Normal,405100
637,NAmes,1988,5988.0,3,1935,2,1.0,0,Y,Gd,5.67,Normal,310810
638,OldTown,1951,6345.0,3,1098,2,1.0,0,Y,Gd,9.82,Normal,189140
639,NridgHt,1988,3168.0,8,596,1,3.0,2,N,Gd,2.56,Normal,385800
640,NAmes,1978,12309.0,10,2272,3,3.0,2,Y,TA,5.51,Normal,424020
641,BrkSide,1999,14516.0,7,1628,2,2.0,2,Y,Gd,13.73,Partial,298870
642,Mitchel,2012,5634.0,10,643,1,2.0,1,Y,,13.21,Normal,256560
643,NridgHt,2018,9521.0,9,1143,1,3.0,1,Y,TA,9.75,Normal,375770
644,Mitchel,1993,7005.0,5,1886,2,1.0,2,Y,TA,0.28,Normal,289770
645,Edwards,1975,9427.0,8,1360,2,2.0,2,Y,Fa,3.17,Normal,257740
646,Edwards,1981,5845.0,4,1244,1,0.0,1,Y,TA,5.28,Normal,198020
647,NAmes,1962,5143.0,5,2200,2,2.0,1,Y,TA,7.31,Normal,299940
648,NAmes,2016,13538.0,6,976,1,2.0,1,Y,TA,3.0,Normal,259760
649,CollgCr,2010,7749.0,10,1101,1,2.0,3,Y,Ex,7.01,Normal,361400
650,Edwards,2010,21988.0,9,1606,3,2.0,1,Y,TA,15.07,Abnorml,324390
651,Somerst,1973,8187.0,5,1695,2,2.0,2,Y,TA,9.6,Normal,344530
652,CollgCr,1972,5035.0,7,1748,3,2.0,2,N,Ex,8.88,Normal,448320
653,NridgHt,2010,14775.0,3,1956,2,0.0,1,Y,TA,3.93,Normal,396990
654,CollgCr,1988,10966.0,9,1599,2,2.0,1,Y,TA,1.44,Normal,387780
655,OldTown,2000,11506.0,6,1745,1,2.0,1,Y,,3.09,Normal,298230
656,CollgCr,1984,14509.0,6,1370,2,1.0,1,Y,TA,1.28,Normal,321170
657,NridgHt,1981,5772.0,8,1531,2,2.0,1,Y,TA,8.3,Normal,420000
658,Somerst,1994,7507.0,7,1554,1,1.0,1,Y,TA,9.54,Normal,350980
659,Sawyer,2007,7343.0,1,1608,2,0.0,1,Y,TA,4.14,Normal,175170
660,NAmes,1973,4196.0,3,1886,2,1.0,1,Y,Gd,8.59,Family,336870
661,Edwards,2007,7012.0,2,1778,2,0.0,0,Y,Fa,13.88,Partial,210950
662,Mitchel,1967,15606.0,8,1522,2,2.0,2,Y,Gd,15.83,Abnorml,297800
663,NAmes,1978,9008.0,1,1095,1,1.0,1,Y,Gd,11.08,Normal,216390
664,Edwards,2014,4081.0,3,1534,2,,2,Y,Ex,7.3,Normal,236550
665,NAmes,2017,3675.0,6,1486,2,2.0,2,Y,TA,10.95,Normal,280990
666,NAmes,2015,18390.0,7,1597,1,2.0,2,Y,TA,13.41,Normal,259810
667,Edwards,1972,7647.0,6,2603,3,1.0,2,Y,Ex,0.2,Family,490630
668,NAmes,2009,5788.0,9,1238,2,2.0,2,Y,Gd,,Normal,265830
669,Somerst,2016,6976.0,10,1711,1,2.0,1,Y,Fa,5.82,Normal,341090
670,Crawfor,2019,3822.0,2,2034,2,1.0,0,Y,TA,5.86,Partial,284850
671,CollgCr,1951,16297.0,10,1549,3,2.0,2,Y,Gd,6.58,Normal,467520
672,NAmes,2002,6573.0,7,2669,3,2.0,1,Y,TA,9.28,Normal,428620
673,BrkSide,2020,15850.0,7,1311,1,1.0,2,Y,TA,3.55,Normal,254080
674,Edwards,2004,8209.0,1,1662,1,0.0,1,Y,Gd,6.86,Normal,226550
675,Crawfor,1966,16350.0,7,1101,2,2.0,2,Y,TA,10.1,Partial,294800
676,OldTown,2004,9096.0,8,1324,1,2.0,1,N,TA,8.87,Normal,239090
677,NridgHt,1957,12257.0,6,1624,2,1.0,1,Y,Gd,9.52,Normal,454850
678,Crawfor,1984,11461.0,1,1923,3,0.0,1,Y,Gd,6.7,Normal,295720
679,CollgCr,1994,10925.0,6,1660,2,2.0,1,Y,TA,10.77,Abnorml,302180
680,BrkSide,1982,9520.0,10,2130,2,3.0,1,Y,Gd,12.23,Family,379930
681,NridgHt,1999,7121.0,8,1453,1,,1,Y,TA,11.99,Family,404020
682,BrkSide,1967,20846.0,2,1334,2,0.0,0,N,TA,9.71,Family,165630
683,CollgCr,1993,,10,2852,3,3.0,2,Y,Ex,,Normal,623200
684,Edwards,1995,8017.0,10,1697,1,1.0,2,Y,TA,11.48,Normal,290650
685,NAmes,1994,8060.0,2,1140,1,2.0,0,Y,Fa,18.71,Family,155280
686,Mitchel,1970,9783.0,9,1153,1,4.0,3,Y,Gd,12.87,Normal,316330
687,NAmes,1971,6454.0,5,1029,2,0.0,0,Y,TA,7.65,Normal,211000
688,NAmes,1968,9363.0,6,1968,2,1.0,2,Y,TA,4.35,Normal,374820
689,Crawfor,1982,7352.0,5,1318,1,1.0,3,Y,Gd,6.96,Normal,308720
690,OldTown,1991,3627.0,8,1564,1,2.0,2,Y,TA,6.67,Normal,260100
691,Somerst,1975,8038.0,10,1468,1,2.0,2,Y,Gd,10.05,Family,415470
692,CollgCr,1979,4614.0,8,1866,2,2.0,1,Y,TA,5.2,Normal,412970
693,NridgHt,1970,3361.0,10,1077,2,2.0,1,Y,TA,12.77,Normal,399210
694,CollgCr,1965,8567.0,10,962,2,2.0,2,Y,Gd,2.44,Normal,388500
695,Edwards,1996,10210.0,1,1612,2,0.0,0,Y,TA,1.47,Normal,160100
696,Somerst,2007,10410.0,3,1800,2,1.0,0,Y,Gd,7.46,Normal,261210
697,OldTown,1970,10623.0,8,1666,2,1.0,1,Y,Ex,4.63,Normal,362150
698,CollgCr,2011,3044.0,6,1095,1,1.0,1,Y,Gd,2.97,Normal,294920
699,NAmes,1990,4051.0,1,1839,3,1.0,1,Y,TA,5.45,Normal,250270
700,Sawyer,1961,21460.0,1,1128,1,0.0,0,Y,TA,4.95,Normal,170190
701,CollgCr,1975,4739.0,6,5958,4,1.0,1,Y,Gd,8.04,Normal,850000
702,CollgCr,1950,10858.0,7,1028,2,2.0,1,N,TA,5.52,Normal,309300
703,OldTown,1952,5674.0,2,2151,2,1.0,0,Y,Gd,5.84,Normal,281640
704,Edwards,1973,8325.0,2,1817,2,2.0,2,Y,Gd,7.98,Normal,235270
705,Sawyer,1982,5829.0,2,1802,2,1.0,1,Y,TA,12.06,Normal,198390
706,Edwards,2006,10593.0,6,2124,2,1.0,0,N,TA,13.88,Family,200620
707,Crawfor,1959,8566.0,1,2906,3,0.0,0,Y,Gd,8.59,Normal,410530
708,NridgHt,2009,6394.0,6,645,2,1.0,2,Y,TA,8.9,Normal,295950
709,BrkSide,1966,4732.0,5,1131,1,1.0,1,Y,TA,7.27,Normal,222870
710,Sawyer,1959,9146.0,5,1192,1,0.0,0,Y,TA,9.92,Normal,207360
711,NAmes,1999,4363.0,7,1075,2,2.0,3,Y,Gd,9.56,Normal,278530
712,Mitchel,2004,9906.0,6,961,1,1.0,0,N,TA,13.3,Normal,167040
713,BrkSide,1992,,8,1350,2,3.0,2,Y,,0.45,Normal,290730
714,Somerst,1958,15714.0,8,892,1,3.0,2,Y,Gd,7.06,Normal,332670
715,CollgCr,1958,11457.0,10,1668,2,2.0,2,Y,Gd,9.36,Family,396440
716,CollgCr,1977,7665.0,8,1526,2,2.0,3,Y,Ex,7.89,Normal,462390
717,NridgHt,1981,3035.0,6,1741,2,,2,Y,TA,4.24,Family,384910
718,Edwards,2020,4130.0,5,1754,2,2.0,1,Y,Gd,2.8,Family,294820
719,NridgHt,1970,15193.0,3,1802,3,0.0,1,Y,Gd,11.23,Normal,323290
720,OldTown,1963,5390.0,6,1313,2,,1,Y,Gd,4.97,Normal,250030
721,Somerst,2017,5640.0,2,2561,3,0.0,1,Y,TA,0.98,Normal,387280
722,CollgCr,1960,7364.0,10,1617,1,2.0,1,Y,Fa,11.43,Normal,322300
723,NAmes,1951,4704.0,9,569,1,2.0,1,Y,TA,9.84,Normal,202660
724,NAmes,1980,4332.0,2,999,1,1.0,0,Y,TA,7.54,Normal,162380
725,BrkSide,1978,7801.0,8,630,1,,2,N,TA,4.34,Normal,183840
726,Somerst,1993,5123.0,2,1509,1,2.0,0,Y,Ex,7.55,Normal,294350
727,Mitchel,2012,5523.0,8,1439,1,1.0,2,Y,TA,12.86,Normal,309910
728,Sawyer,2016,5413.0,1,1266,1,1.0,0,Y,Ex,1.54,Normal,205290
729,Sawyer,1970,10388.0,5,2505,2,1.0,2,Y,TA,1.74,Abnorml,364580
730,Somerst,2019,,7,1774,2,2.0,1,Y,Gd,5.49,Normal,399480
731,BrkSide,1994,7317.0,8,1863,1,2.0,1,Y,TA,7.89,Normal,276030
732,Mitchel,1954,10782.0,5,1034,1,1.0,1,N,Gd,6.01,Normal,209680
733,Sawyer,2016,7452.0,10,1000,1,3.0,1,Y,TA,10.57,Family,326330
734,NAmes,1959,6961.0,8,1518,1,3.0,2,Y,Ex,12.36,Normal,351330
735,NridgHt,1991,10122.0,3,1587,2,1.0,1,Y,TA,9.12,Normal,334250
736,NAmes,2006,11173.0,7,572,1,2.0,1,Y,TA,10.24,Partial,182840
737,NAmes,1967,7433.0,8,1410,1,2.0,2,Y,Ex,9.09,Normal,279890
738,NridgHt,1969,8329.0,4,1507,1,1.0,0,N,TA,8.04,Normal,280700
739,BrkSide,1983,5412.0,8,1392,2,1.0,1,Y,Gd,2.83,Normal,350140
740,NAmes,2012,5202.0,9,1093,1,2.0,2,Y,TA,3.89,Normal,309860
741,NAmes,1965,11752.0,9,1230,1,2.0,1,Y,TA,2.6,Normal,353100
742,Crawfor,1997,9993.0,8,1412,2,2.0,1,Y,TA,7.41,Normal,334850
743,NAmes,1982,10045.0,7,1545,2,1.0,2,Y,TA,8.93,Normal,235440
744,NAmes,1957,9206.0,3,1802,2,1.0,1,Y,TA,2.2,Normal,251450
745,Sawyer,2000,8187.0,8,2040,3,3.0,1,Y,TA,8.29,Abnorml,357140
746,BrkSide,2009,11332.0,4,1353,1,2.0,0,Y,Gd,4.5,Abnorml,237760
747,Somerst,1990,12769.0,6,1272,2,1.0,1,Y,Ex,3.72,Normal,364800
748,Somerst,1962,12617.0,4,1719,2,0.0,2,Y,TA,5.5,Normal,299200
749,OldTown,1961,7607.0,4,1805,3,1.0,1,Y,TA,3.52,Normal,275880
750,CollgCr,1980,16006.0,2,1283,2,0.0,0,Y,TA,10.43,Normal,193570
751,Sawyer,1985,8968.0,10,1895,2,3.0,2,Y,Gd,7.33,Normal,396820
752,BrkSide,1989,10975.0,2,1990,2,0.0,0,Y,TA,11.26,Normal,219430
753,OldTown,1967,9212.0,1,2146,3,1.0,0,N,Gd,6.23,Normal,229440
754,CollgCr,1985,9052.0,10,2389,2,1.0,2,Y,TA,6.38,Normal,439690
755,CollgCr,1970,5538.0,6,1067,2,2.0,2,Y,Gd,15.49,Normal,260500
756,NAmes,1998,11360.0,5,1507,1,1.0,1,Y,Gd,1.51,Normal,342780
757,CollgCr,2006,33185.0,8,1506,1,2.0,2,Y,TA,13.14,Normal,365170
758,NAmes,1996,6633.0,4,1451,3,0.0,1,Y,TA,14.62,Normal,248430
759,BrkSide,1950,8289.0,2,1175,1,1.0,0,Y,TA,11.06,Normal,133450
760,CollgCr,2020,6400.0,8,757,1,2.0,1,Y,TA,6.68,Normal,226690
761,NridgHt,1951,6268.0,2,1546,1,2.0,0,Y,TA,13.71,Normal,309090
762,Somerst,2020,17317.0,6,1116,1,2.0,1,Y,Gd,6.71,Normal,335470
763,BrkSide,1952,5714.0,10,1543,1,2.0,2,Y,TA,5.18,Normal,308610
764,Mitchel,1986,6312.0,10,1103,1,2.0,2,N,TA,6.45,Family,261170
765,OldTown,1957,3617.0,4,950,1,0.0,0,Y,TA,5.72,Normal,113860
766,NAmes,1956,5477.0,8,1617,1,3.0,1,Y,TA,4.21,Normal,357580
767,Sawyer,1998,3405.0,7,1575,2,1.0,2,Y,Ex,12.44,Normal,335130
768,NAmes,2001,10972.0,5,1790,2,2.0,2,Y,TA,4.91,Normal,297150
769,CollgCr,1958,32437.0,2,2593,3,1.0,1,Y,TA,7.88,Normal,359850
770,NAmes,2019,6660.0,4,1639,2,1.0,1,Y,TA,2.22,Normal,306850
771,Crawfor,1972,3477.0,7,1743,4,2.0,2,Y,Ex,8.12,Normal,429230
772,NAmes,1972,12546.0,10,961,2,3.0,1,Y,Gd,3.38,Normal,387960
773,Edwards,1971,5562.0,1,857,1,0.0,1,Y,TA,3.28,Normal,120380
774,Edwards,1982,15319.0,8,2291,2,2.0,2,Y,Gd,7.56,Normal,372900
775,NridgHt,1962,6948.0,9,1038,1,3.0,1,Y,Gd,12.23,Normal,397180
776,CollgCr,1980,5833.0,10,978,2,2.0,2,N,Gd,9.76,Normal,312690
777,Crawfor,1964,7319.0,5,1480,2,1.0,1,Y,TA,10.04,Normal,311700
778,Sawyer,1953,11685.0,2,1455,2,1.0,1,Y,Gd,7.48,Normal,241730
779,Edwards,1976,7140.0,3,1049,2,1.0,0,Y,TA,6.66,Normal,199950
780,OldTown,1997,6241.0,9,1348,1,3.0,2,Y,TA,11.16,Normal,264340
781,BrkSide,2004,7243.0,9,2115,3,2.0,2,Y,Fa,5.75,Normal,313570
782,Sawyer,1975,4236.0,7,1097,1,1.0,1,Y,TA,11.34,Family,213320
783,OldTown,1972,9757.0,2,803,1,2.0,1,Y,TA,12.94,Normal,119780
784,OldTown,2005,3274.0,2,1971,2,1.0,1,Y,TA,4.63,Normal,266310
785,NAmes,1998,6407.0,5,1746,2,2.0,0,N,Gd,5.22,Normal,327260
786,NAmes,2009,11695.0,6,1190,2,1.0,1,Y,Gd,5.82,Normal,272970
787,NAmes,2014,9309.0,1,709,1,0.0,0,Y,Fa,2.13,Normal,89400
788,NAmes,2008,10747.0,7,1128,2,3.0,1,Y,TA,6.12,Normal,321050
789,NAmes,2016,7744.0,6,1473,1,1.0,1,Y,Gd,13.21,Normal,272160
790,Crawfor,1979,14358.0,1,2083,2,0.0,0,Y,TA,3.82,Abnorml,289590
791,BrkSide,1978,12702.0,1,982,1,1.0,1,Y,TA,13.3,Normal,168550
792,BrkSide,1972,9999.0,5,1458,1,1.0,0,Y,Gd,6.27,Normal,225820
793,NridgHt,1966,12720.0,8,1838,2,3.0,1,Y,TA,16.46,Normal,427650
794,NridgHt,2003,11642.0,9,400,1,,2,Y,TA,5.27,Normal,291460
795,NAmes,2000,6422.0,5,2017,3,2.0,1,N,Gd,7.42,Abnorml,299860
796,NridgHt,2006,4086.0,3,909,2,2.0,1,Y,Gd,4.36,Normal,294740
797,CollgCr,1961,9871.0,10,1666,2,3.0,3,Y,TA,5.25,Normal,403560
798,Somerst,1984,10512.0,5,1623,2,1.0,1,N,Gd,13.35,Normal,287470
799,Mitchel,1965,13800.0,4,2042,2,0.0,2,Y,Ex,9.9,Normal,305570
800,Crawfor,2013,5009.0,5,1775,1,2.0,1,Y,Fa,12.12,Abnorml,267120
801,CollgCr,1968,5085.0,1,400,1,0.0,0,Y,Gd,2.74,Normal,85020
802,Sawyer,1960,10068.0,4,1108,1,1.0,1,Y,TA,10.62,Normal,190230
803,NAmes,1990,7720.0,6,1569,2,1.0,2,Y,TA,4.11,Normal,292860
804,NAmes,2012,3116.0,10,1403,3,3.0,2,Y,TA,2.65,Normal,370160
805,NAmes,2015,9650.0,8,1739,1,3.0,2,Y,TA,8.96,Family,395910
806,CollgCr,1956,3168.0,8,1895,2,2.0,1,Y,TA,8.91,Family,370480
807,NridgHt,1973,,6,1804,2,1.0,1,Y,Gd,8.21,Normal,451220
808,OldTown,1960,15725.0,2,1393,2,1.0,0,Y,TA,10.87,Normal,193030
809,NAmes,1971,19923.0,4,577,1,1.0,1,Y,Gd,11.49,Partial,169510
810,Mitchel,1987,4356.0,10,1272,2,2.0,3,Y,TA,13.88,Normal,294530
811,Somerst,1969,6785.0,1,1708,1,0.0,0,Y,Gd,3.24,Normal,266040
812,OldTown,1954,8172.0,9,955,1,2.0,2,Y,TA,14.01,Family,221090
813,Somerst,1986,19493.0,7,1816,2,1.0,1,Y,TA,15.53,Normal,327190
814,Somerst,1953,6253.0,3,1954,3,0.0,1,Y,Gd,6.54,Family,330790
815,Edwards,1966,6303.0,8,1563,2,2.0,1,Y,Gd,1.33,Normal,329770
816,NridgHt,1950,17354.0,9,400,1,2.0,3,Y,TA,2.47,Family,283160
817,Crawfor,1956,6633.0,1,861,1,0.0,0,Y,TA,6.15,Normal,182410
818,OldTown,1980,11479.0,2,2443,4,0.0,1,Y,TA,16.06,Normal,297730
819,Edwards,2010,3822.0,7,1227,1,2.0,2,Y,TA,8.07,Normal,244360
820,NAmes,2004,7344.0,10,508,1,4.0,1,N,TA,5.53,Normal,269000
821,Crawfor,1957,3489.0,1,2118,2,0.0,0,Y,Gd,5.26,Normal,333510
822,OldTown,1952,4720.0,7,1507,2,2.0,1,Y,TA,2.71,Family,233460
823,CollgCr,1974,12171.0,2,2052,3,0.0,0,Y,TA,11.5,Partial,305930
824,Mitchel,1996,7803.0,7,1638,2,3.0,1,Y,Gd,7.63,Partial,319840
825,Somerst,2003,6820.0,7,1729,2,1.0,2,Y,,16.4,Normal,441730
826,NAmes,2008,5502.0,1,1682,1,1.0,0,Y,TA,10.51,Normal,200050
827,CollgCr,1974,7164.0,7,1849,3,2.0,2,N,TA,11.32,Normal,363500
828,OldTown,1961,9300.0,9,2639,4,3.0,2,Y,TA,7.03,Normal,389670
829,Mitchel,1951,13078.0,9,1986,3,3.0,1,Y,Gd,3.64,Normal,474280
830,Edwards,1960,2153.0,1,710,2,0.0,1,Y,TA,4.51,Normal,101790
831,CollgCr,1954,5278.0,3,1723,2,1.0,0,Y,TA,2.52,Normal,318910
832,Somerst,2011,8662.0,3,2071,2,0.0,1,Y,TA,11.64,Normal,320560
833,Edwards,1969,7614.0,5,2101,3,2.0,1,Y,Gd,6.46,Normal,339680
834,NAmes,2008,9788.0,2,1287,2,0.0,0,Y,TA,11.81,Normal,186590
835,Crawfor,1989,9145.0,9,2082,2,2.0,1,Y,Gd,8.54,Normal,437630
836,NAmes,1988,6869.0,8,1964,2,2.0,2,N,TA,6.83,Abnorml,275510
837,Crawfor,1982,6147.0,9,2786,3,2.0,2,Y,TA,3.32,Partial,558270
838,BrkSide,2008,7076.0,2,1125,1,0.0,0,Y,TA,9.21,Normal,130410
839,NAmes,1953,14208.0,1,1246,1,0.0,0,N,TA,7.13,Partial,187620
840,Sawyer,1956,5548.0,10,1347,2,3.0,2,Y,TA,11.61,Family,306850
841,Sawyer,1980,7753.0,3,1255,2,0.0,1,Y,TA,5.14,Normal,221610
842,NridgHt,1978,8768.0,7,1055,2,2.0,0,Y,TA,,Normal,354170
843,Somerst,1988,17455.0,10,400,1,3.0,3,Y,Fa,14.56,Normal,189980
844,NAmes,2002,6885.0,1,1283,2,0.0,1,Y,TA,9.09,Normal,190670
845,NAmes,1991,12921.0,1,1685,2,0.0,1,Y,TA,11.14,Normal,201570
846,Sawyer,1968,14812.0,1,1253,1,0.0,0,Y,TA,10.29,Normal,179510
847,NAmes,1973,7749.0,2,2468,2,2.0,0,N,Fa,15.59,Family,264780
848,CollgCr,2003,7200.0,1,1507,1,1.0,1,N,Gd,9.49,Normal,235360
849,Edwards,1964,6786.0,9,2146,2,2.0,1,N,Ex,10.8,Normal,363610
850,CollgCr,1985,7039.0,7,1631,3,2.0,2,Y,Gd,7.85,Partial,359860
851,BrkSide,1988,12263.0,10,1913,3,1.0,2,Y,,4.9,Partial,334680
852,BrkSide,2003,8980.0,9,1640,1,1.0,2,Y,Ex,3.17,Normal,308770
853,BrkSide,2000,8999.0,10,2184,3,2.0,1,Y,Ex,13.07,Normal,385760
854,NAmes,1982,4558.0,3,1528,2,0.0,1,Y,TA,3.97,Partial,197670
855,Edwards,1971,4932.0,3,1748,2,,0,Y,TA,10.98,Normal,182340
856,BrkSide,1976,23363.0,9,1683,2,2.0,3,Y,Gd,9.66,Family,338730
857,OldTown,1979,7319.0,3,1356,2,1.0,2,Y,Ex,11.67,Normal,230480
858,NridgHt,1965,5431.0,1,1702,3,0.0,1,Y,Gd,5.94,Normal,330430
859,Somerst,1994,16362.0,7,2617,3,2.0,2,Y,Gd,4.84,Normal,522640
860,OldTown,1964,9211.0,9,1365,1,2.0,2,Y,Gd,9.51,Normal,255780
861,CollgCr,1996,10682.0,10,1710,2,3.0,3,N,Ex,6.83,Normal,459450
862,NridgHt,2003,7466.0,10,2129,3,2.0,2,Y,TA,3.08,Normal,557570
863,NAmes,2018,6822.0,2,2070,2,1.0,0,Y,TA,15.75,Normal,243510
864,Crawfor,1958,7350.0,8,1506,2,2.0,3,Y,Gd,4.83,Normal,362390
865,Somerst,2003,4007.0,9,400,1,3.0,3,Y,TA,4.03,Normal,298090
866,NAmes,1956,7656.0,7,1758,2,1.0,1,Y,,7.03,Abnorml,299790
867,Sawyer,1973,9276.0,9,400,1,3.0,1,Y,TA,13.01,Normal,208470
868,Edwards,1962,20180.0,9,2235,1,2.0,1,Y,TA,0.2,Normal,403760
869,CollgCr,1961,8351.0,5,1585,2,1.0,0,Y,Fa,12.68,Normal,262520
870,Mitchel,1962,2490.0,1,2000,2,1.0,1,Y,TA,4.35,Abnorml,266360
871,Sawyer,1953,7633.0,5,1049,1,1.0,0,Y,TA,9.06,Normal,137490
872,Somerst,2008,31475.0,3,724,2,0.0,1,N,TA,5.3,Normal,177100
873,BrkSide,1954,12337.0,2,1630,2,0.0,0,N,TA,15.97,Normal,195050
874,Somerst,1978,5333.0,2,1483,2,1.0,0,Y,Ex,8.5,Family,301270
875,Edwards,1999,10751.0,7,1254,1,2.0,2,Y,TA,5.17,Partial,300400
876,CollgCr,2020,5520.0,6,1542,2,3.0,1,Y,Ex,6.8,Normal,433680
877,NAmes,2010,4066.0,6,2884,4,1.0,2,Y,TA,8.36,Normal,422640
878,Edwards,1959,6721.0,8,1917,2,1.0,1,N,Fa,8.71,Normal,254960
879,Edwards,2020,8375.0,6,2025,2,1.0,1,Y,Gd,9.76,Normal,282970
880,Sawyer,1996,3137.0,7,1922,3,2.0,0,N,Gd,7.99,Normal,303170
881,Edwards,1962,4504.0,1,2240,2,0.0,0,Y,Fa,2.49,Normal,215950
882,Somerst,1981,8041.0,9,1405,2,3.0,3,Y,Gd,6.64,Partial,407480
883,BrkSide,2015,6523.0,5,473,1,3.0,2,Y,,10.43,Partial,148020
884,Mitchel,1977,9746.0,2,1406,1,1.0,0,N,TA,5.32,Normal,195780
885,OldTown,1963,4358.0,9,1906,2,2.0,1,Y,TA,10.69,Normal,338460
886,Crawfor,2012,11433.0,8,1015,1,1.0,1,Y,TA,8.13,Normal,304640
887,BrkSide,2017,4426.0,1,1412,3,1.0,1,Y,Fa,7.13,Normal,160180
888,NAmes,2019,18189.0,2,1154,1,1.0,0,Y,Gd,12.78,Normal,214410
889,OldTown,2017,3392.0,1,2251,3,0.0,0,Y,TA,1.05,Normal,251860
890,CollgCr,2011,4633.0,3,1875,3,1.0,1,Y,Gd,5.3,Normal,334300
891,NridgHt,1982,9856.0,1,1826,2,0.0,0,Y,Gd,12.93,Normal,306490
892,Somerst,1963,18385.0,8,1811,3,2.0,1,Y,Ex,15.32,Normal,437560
893,Edwards,1993,9365.0,6,1481,2,1.0,1,Y,TA,17.14,Normal,238070
894,Sawyer,1965,10600.0,10,1599,3,3.0,1,Y,TA,8.2,Normal,340420
895,OldTown,1983,8070.0,8,907,1,2.0,2,Y,TA,9.83,Normal,193610
896,OldTown,1996,4789.0,7,407,1,2.0,1,N,Gd,11.27,Normal,138610
897,Crawfor,2017,6261.0,6,1575,2,1.0,1,Y,,13.1,Normal,303890
898,Mitchel,1970,4364.0,1,4684,4,0.0,1,Y,Gd,9.25,Normal,514720
899,Sawyer,1967,4221.0,1,2105,2,0.0,0,Y,TA,11.7,Normal,208830
900,CollgCr,2002,9780.0,7,2286,3,2.0,2,Y,TA,9.84,Normal,383900
901,NAmes,1950,4562.0,1,2285,3,0.0,0,Y,Gd,10.09,Normal,316090
902,CollgCr,1990,9386.0,1,1001,1,0.0,0,Y,Gd,4.33,Normal,200590
903,Edwards,2002,4173.0,3,1324,1,1.0,1,Y,TA,,Family,140370
904,CollgCr,1989,9278.0,9,1740,2,2.0,3,Y,Gd,5.91,Partial,465570
905,Crawfor,1977,6266.0,5,2766,4,0.0,0,Y,TA,3.24,Normal,436970
906,NridgHt,2008,16163.0,8,2240,2,2.0,2,Y,Gd,1.39,Family,610590
907,Edwards,1976,9406.0,5,2060,2,2.0,2,Y,TA,6.31,Normal,328340
908,CollgCr,2000,14840.0,2,1306,2,0.0,0,Y,TA,6.94,Normal,256890
909,OldTown,1982,5483.0,4,1058,2,1.0,1,Y,Fa,,Normal,185770
910,Edwards,1951,8228.0,1,1894,3,0.0,0,N,TA,10.22,Normal,202120
911,Sawyer,1987,4898.0,8,950,1,2.0,2,Y,Gd,8.75,Normal,217920
912,NAmes,1953,6505.0,2,1381,1,0.0,1,Y,TA,6.97,Normal,142660
913,BrkSide,2016,7017.0,4,1443,1,1.0,1,N,Fa,4.34,Normal,207510
914,NAmes,1992,5565.0,10,2296,2,3.0,3,Y,TA,11.51,Abnorml,444170
915,CollgCr,1976,4357.0,6,1323,2,1.0,1,N,TA,7.59,Normal,246090
916,Mitchel,1984,3946.0,5,400,1,1.0,0,Y,Gd,6.26,Family,147060
917,CollgCr,1993,2483.0,6,1752,1,1.0,1,Y,TA,7.25,Family,302560
918,NAmes,1968,4717.0,8,1150,1,3.0,1,Y,Gd,5.07,Abnorml,297510
919,NridgHt,1970,10948.0,3,1521,2,1.0,1,Y,Gd,5.88,Normal,382580
920,OldTown,1979,3597.0,7,1457,2,1.0,1,N,TA,5.75,Normal,235810
921,NAmes,1968,4037.0,9,1363,2,2.0,1,Y,Gd,6.85,Normal,332910
922,NAmes,2003,19587.0,6,1895,3,1.0,2,Y,TA,10.62,Partial,387030
923,NAmes,1957,5819.0,5,734,1,1.0,0,Y,TA,9.63,Normal,139410
924,Somerst,2008,9393.0,2,1241,2,0.0,1,Y,TA,14.19,Normal,215930
925,CollgCr,1974,11030.0,3,1842,2,0.0,0,Y,Fa,12.85,Normal,216060
926,Sawyer,1989,11142.0,10,1193,2,3.0,3,Y,TA,15.83,Normal,274930
927,Crawfor,1961,3737.0,6,696,1,1.0,1,Y,TA,10.24,Abnorml,212610
928,NAmes,1977,7127.0,4,1834,2,1.0,1,Y,Gd,10.17,Normal,313620
929,OldTown,2003,3562.0,5,2062,2,1.0,1,N,TA,6.05,Normal,245910
930,NAmes,1969,27183.0,6,1478,2,2.0,2,Y,Ex,11.3,Normal,331970
931,CollgCr,1959,3604.0,6,520,1,1.0,1,Y,TA,5.38,Normal,191270
932,CollgCr,1987,4738.0,7,1853,2,2.0,0,Y,Gd,2.12,Normal,381840
933,BrkSide,1961,4755.0,3,670,1,1.0,1,Y,TA,14.11,Normal,138800
934,OldTown,1972,3785.0,7,1654,2,3.0,1,Y,TA,3.0,Normal,293460
935,Edwards,1981,15733.0,5,1056,2,2.0,2,Y,TA,9.76,Partial,223640
936,NridgHt,1990,26861.0,10,920,2,2.0,2,Y,Ex,4.48,Normal,498540
937,BrkSide,1995,6306.0,2,1279,1,1.0,0,Y,Ex,12.51,Partial,180850
938,OldTown,1998,4134.0,2,1408,2,2.0,0,Y,TA,13.05,Normal,203450
939,CollgCr,2009,2614.0,5,1178,2,0.0,1,Y,Gd,10.12,Normal,278760
940,Mitchel,1954,7081.0,6,1794,1,1.0,1,N,Gd,12.99,Normal,302410
941,OldTown,1975,6830.0,7,1277,2,2.0,2,Y,TA,8.03,Normal,248540
942,NridgHt,1950,5776.0,5,1990,3,1.0,1,Y,TA,16.94,Normal,413900
943,NridgHt,1950,8936.0,10,1641,2,2.0,3,Y,Gd,10.98,Normal,497130
944,Somerst,1965,9748.0,5,1151,1,0.0,1,Y,Gd,4.4,Normal,269130
945,CollgCr,1992,9403.0,2,1067,2,1.0,1,Y,TA,8.28,Abnorml,230910
946,NAmes,2013,6830.0,2,676,1,0.0,0,Y,TA,7.39,Abnorml,145570
947,Edwards,2004,,10,1645,2,2.0,2,Y,TA,7.0,Normal,313880
948,Somerst,1995,11160.0,2,1323,1,1.0,1,Y,Ex,1.37,Normal,264030
949,Sawyer,2005,8050.0,10,400,1,2.0,2,Y,TA,9.55,Normal,207580
950,Sawyer,1962,12474.0,3,1232,1,0.0,1,Y,TA,2.46,Normal,173070
951,Crawfor,2009,11876.0,1,1049,1,0.0,0,Y,,0.2,Normal,222100
952,Mitchel,2013,3930.0,4,2288,3,1.0,1,Y,Gd,6.62,Family,356600
953,Sawyer,1956,3905.0,7,649,1,1.0,3,Y,Gd,4.98,Normal,195170
954,NAmes,1983,5483.0,5,779,2,1.0,2,Y,Fa,4.55,Normal,163670
955,Edwards,2008,4718.0,8,2055,2,1.0,2,Y,TA,0.2,Normal,325180
956,NridgHt,1983,11671.0,7,5661,4,2.0,2,Y,Gd,4.6,Normal,850000
957,Somerst,2009,9536.0,5,1128,1,1.0,1,Y,TA,7.31,Normal,251470
958,CollgCr,2016,13860.0,7,1184,2,2.0,1,N,Fa,5.46,Family,295770
959,Somerst,1983,9754.0,10,1808,2,3.0,2,Y,Ex,9.55,Normal,484800
960,OldTown,1954,8880.0,5,400,1,1.0,2,Y,TA,13.57,Abnorml,184150
961,OldTown,1974,14575.0,2,569,1,0.0,1,Y,TA,10.07,Family,78970
962,BrkSide,1965,10118.0,5,1360,1,1.0,0,Y,TA,12.11,Normal,164560
963,Edwards,1983,8277.0,9,2275,3,2.0,2,Y,Gd,12.44,Normal,418640
964,Somerst,1991,16771.0,3,1282,2,1.0,1,N,Gd,3.92,Normal,302770
965,Somerst,1982,8474.0,10,1550,2,2.0,1,Y,TA,9.76,Normal,382040
966,Somerst,1963,6871.0,6,2067,2,0.0,2,Y,Gd,11.98,Normal,388070
967,CollgCr,1971,5262.0,7,2553,3,1.0,2,Y,Ex,6.26,Normal,529910
968,Somerst,1998,11370.0,4,1212,1,1.0,1,Y,Gd,4.84,Normal,281090
969,OldTown,1951,14850.0,10,1492,2,3.0,2,Y,TA,10.12,Partial,263570
970,NridgHt,1965,7800.0,1,2411,2,1.0,1,Y,,2.07,Normal,354640
971,NAmes,2013,15385.0,3,739,1,2.0,2,Y,Gd,3.65,Normal,179820
972,Mitchel,1957,2987.0,5,2014,2,2.0,2,Y,Fa,5.33,Normal,332110
973,Sawyer,1979,7781.0,5,991,2,2.0,0,Y,Fa,9.8,Normal,230070
974,Edwards,1964,7841.0,5,1551,2,2.0,2,Y,TA,8.88,Normal,243340
975,OldTown,1957,5562.0,2,1379,1,2.0,1,Y,Gd,12.13,Normal,161250
976,OldTown,1980,26347.0,3,1021,1,2.0,0,Y,TA,4.31,Normal,185350
977,Sawyer,1987,7740.0,1,1008,2,1.0,0,Y,TA,4.1,Normal,163810
978,NridgHt,1962,6525.0,6,1638,1,2.0,2,N,Gd,10.1,Normal,407480
979,Sawyer,1955,8105.0,4,1998,2,1.0,1,N,TA,4.81,Normal,199300
980,Crawfor,1959,2939.0,6,1435,2,1.0,1,Y,TA,5.59,Abnorml,383770
981,Edwards,1996,5471.0,6,1535,1,1.0,2,N,TA,0.57,Normal,277570
982,NridgHt,2011,13080.0,8,1786,3,2.0,1,Y,TA,9.16,Normal,459670
983,Edwards,1962,5841.0,6,1014,1,1.0,0,Y,Ex,14.17,Normal,196960
984,NridgHt,1972,5286.0,7,1870,3,2.0,2,Y,TA,3.88,Normal,506980
985,Edwards,1974,15397.0,6,1910,2,0.0,1,N,Gd,12.09,Normal,279880
986,Sawyer,1975,15636.0,7,2802,3,3.0,2,Y,TA,,Normal,411050
987,NAmes,1967,10360.0,7,1312,1,2.0,0,Y,TA,0.94,Partial,302650
988,CollgCr,1953,6372.0,4,1271,1,1.0,1,Y,TA,4.42,Normal,246480
989,CollgCr,1987,7097.0,3,1884,2,2.0,1,Y,TA,4.17,Normal,329740
990,Mitchel,1975,5351.0,8,1910,2,2.0,2,Y,TA,6.73,Normal,356020
991,Somerst,1974,4865.0,4,1232,2,2.0,0,Y,TA,9.68,Normal,265820
992,OldTown,1968,4746.0,6,1298,2,1.0,0,Y,Ex,15.4,Normal,237690
993,Edwards,2015,5873.0,2,1771,2,2.0,0,Y,TA,2.28,Abnorml,274290
994,Edwards,1993,4769.0,5,1086,2,2.0,1,Y,Ex,6.06,Normal,211840
995,Crawfor,1979,3660.0,6,1295,1,2.0,1,Y,TA,4.42,Family,277300
996,Mitchel,1964,8928.0,7,1545,1,3.0,1,Y,TA,2.93,Normal,306530
997,BrkSide,2006,8996.0,6,1998,2,1.0,1,Y,TA,8.38,Normal,262120
998,BrkSide,2013,18725.0,4,1198,1,1.0,2,Y,TA,8.01,Family,187220
999,CollgCr,1952,5727.0,10,579,1,3.0,2,Y,TA,0.74,Normal,340920
1000,CollgCr,2016,9277.0,6,542,1,0.0,0,Y,TA,8.07,Normal,179050
1001,Somerst,1999,9354.0,9,870,1,3.0,2,Y,TA,3.18,Normal,287650
1002,NridgHt,1957,7046.0,8,843,1,2.0,3,Y,Gd,8.05,Abnorml,356750
1003,CollgCr,2003,11607.0,6,1423,2,3.0,0,N,TA,13.08,Family,281830
1004,Sawyer,1957,11788.0,9,906,1,1.0,2,Y,Ex,9.85,Normal,277010
1005,CollgCr,1953,9423.0,2,1149,2,1.0,0,Y,TA,8.71,Normal,217400
1006,CollgCr,1958,7040.0,10,1113,1,2.0,2,Y,TA,5.88,Normal,347940
1007,OldTown,1982,6690.0,9,1280,1,2.0,2,Y,TA,8.27,Normal,250940
1008,BrkSide,1993,4037.0,6,2161,3,1.0,2,N,TA,10.25,Normal,247980
1009,Sawyer,1978,5347.0,8,1831,2,1.0,2,Y,Gd,9.86,Normal,313400
1010,Somerst,1958,5862.0,6,1508,2,2.0,2,Y,Gd,7.6,Abnorml,344200
1011,BrkSide,1964,,3,1269,2,0.0,1,Y,Fa,8.87,Normal,154160
1012,BrkSide,2010,9968.0,8,1283,1,2.0,1,Y,TA,2.73,Normal,282540
1013,OldTown,2018,14552.0,3,1664,1,0.0,0,Y,Gd,5.06,Partial,228930
1014,BrkSide,2003,5081.0,4,1792,2,0.0,0,Y,Fa,10.83,Normal,222700
1015,CollgCr,1957,9218.0,6,1046,1,1.0,1,Y,TA,11.37,Normal,230220
1016,Somerst,2008,4770.0,9,1518,1,2.0,3,Y,TA,8.37,Normal,409500
1017,NAmes,1999,6869.0,4,484,1,1.0,1,Y,TA,13.92,Normal,154950
1018,Edwards,1987,5665.0,5,1606,2,1.0,1,Y,TA,10.03,Normal,239700
1019,Somerst,1960,10809.0,1,1881,2,1.0,0,Y,TA,7.07,Normal,293860
1020,NAmes,2020,5698.0,2,1360,2,1.0,0,Y,Gd,3.12,Normal,213940
1021,Edwards,1981,13267.0,1,2408,2,0.0,1,Y,TA,13.75,Normal,185980
1022,NridgHt,1953,7075.0,1,1059,1,0.0,2,Y,Ex,11.08,Normal,221270
1023,NridgHt,1964,5781.0,9,1609,2,2.0,3,Y,Gd,15.19,Normal,477700
1024,NAmes,1978,4275.0,9,1482,1,3.0,2,Y,TA,16.67,Normal,298360
1025,NAmes,1954,9080.0,9,1450,1,1.0,2,Y,TA,2.85,Family,320390
1026,OldTown,1972,12517.0,1,1443,1,0.0,0,Y,TA,2.86,Normal,143240
1027,BrkSide,1983,9172.0,1,1554,1,0.0,0,Y,Gd,0.2,Normal,148010
1028,Crawfor,2017,24505.0,3,1924,2,1.0,0,Y,TA,11.67,Normal,336150
1029,OldTown,1956,16352.0,6,2189,2,1.0,0,Y,Ex,10.63,Normal,323860
1030,Sawyer,1990,6860.0,4,1499,1,1.0,1,Y,TA,8.39,Normal,208200
1031,Somerst,2015,6824.0,5,1908,2,0.0,1,Y,Gd,3.1,Normal,358230
1032,Mitchel,2007,10118.0,2,1149,1,0.0,0,Y,TA,7.64,Normal,191990
1033,NAmes,2015,5262.0,8,1883,2,2.0,2,Y,TA,8.74,Abnorml,367540
1034,Somerst,1962,14333.0,4,1119,1,1.0,1,Y,Gd,11.13,Normal,227450
1035,Somerst,2006,9585.0,1,2045,2,0.0,0,Y,Gd,9.09,Normal,327980
1036,OldTown,2019,9095.0,8,2605,3,2.0,1,Y,TA,10.66,Normal,342750
1037,NAmes,1973,11279.0,10,1439,1,2.0,2,Y,TA,7.5,Normal,317340
1038,NAmes,1985,18932.0,1,404,1,0.0,0,Y,TA,12.73,Normal,81770
1039,Edwards,1987,8714.0,5,1226,1,1.0,2,Y,Gd,10.53,Normal,200830
1040,NridgHt,1985,7560.0,9,2116,2,2.0,0,Y,TA,3.25,Normal,500140
1041,Sawyer,1970,17010.0,8,1777,2,3.0,0,Y,TA,13.56,Partial,320610
1042,CollgCr,2018,12977.0,9,1624,3,3.0,2,Y,Gd,12.9,Normal,401470
1043,Crawfor,2017,6814.0,5,2004,3,1.0,1,Y,TA,9.86,Normal,359780
1044,OldTown,1977,8021.0,4,1742,1,1.0,1,Y,TA,9.12,Normal,226860
1045,Mitchel,2007,8821.0,8,2109,3,2.0,1,Y,Gd,14.63,Normal,370550
1046,NAmes,1978,9586.0,2,1960,2,1.0,0,Y,Gd,1.47,Normal,249070
1047,BrkSide,2006,4060.0,3,2261,2,,1,Y,Gd,12.96,Normal,239170
1048,Crawfor,1991,3700.0,7,1679,2,2.0,1,Y,TA,6.1,Normal,370180
1049,BrkSide,1983,5133.0,7,1953,2,2.0,2,Y,TA,12.38,Normal,254140
1050,BrkSide,1959,,2,1346,1,1.0,0,Y,Gd,8.48,Normal,191940
1051,OldTown,1996,5798.0,6,1199,2,2.0,1,Y,TA,3.03,Normal,194850
1052,Sawyer,1972,10988.0,4,2353,3,1.0,3,Y,TA,6.01,Normal,323030
1053,Somerst,1965,7352.0,6,1608,2,1.0,1,Y,TA,12.09,Normal,352020
1054,Edwards,1963,8825.0,10,1902,2,3.0,2,Y,TA,7.16,Normal,372970
1055,Mitchel,2019,4337.0,1,1562,1,0.0,1,Y,Ex,5.51,Normal,175670
1056,CollgCr,1957,6351.0,10,1207,2,4.0,3,Y,TA,5.49,Normal,405210
1057,Edwards,2006,10730.0,5,1505,2,1.0,1,Y,TA,10.57,Family,276010
1058,Crawfor,2011,10772.0,8,2218,3,2.0,2,Y,Ex,15.0,Abnorml,546350
1059,CollgCr,1952,5569.0,5,1778,2,1.0,1,Y,Ex,0.2,Normal,412570
1060,NAmes,1991,8674.0,4,644,1,0.0,0,Y,TA,19.2,Normal,96340
1061,OldTown,1990,24019.0,8,1392,1,2.0,2,Y,Gd,8.81,Partial,291570
1062,Sawyer,1975,7930.0,7,2391,2,1.0,3,N,TA,10.32,Family,357780
1063,Crawfor,1997,5657.0,2,1393,2,1.0,1,Y,Gd,6.25,Normal,254380
1064,NAmes,1979,7334.0,8,600,1,1.0,2,N,Fa,7.99,Normal,212990
1065,NridgHt,1981,8377.0,8,2447,3,2.0,2,N,TA,8.77,Normal,494900
1066,Somerst,1980,7418.0,4,1841,2,2.0,0,Y,TA,3.8,Abnorml,351260
1067,NridgHt,2006,7876.0,10,1465,2,1.0,2,Y,Gd,4.78,Family,433510
1068,NridgHt,1994,3887.0,7,1314,1,3.0,2,Y,Fa,12.74,Abnorml,312300
1069,Mitchel,1976,4944.0,4,2041,2,1.0,2,N,TA,1.79,Normal,285250
1070,OldTown,2015,7424.0,1,1229,2,0.0,0,Y,Gd,9.76,Family,142750
1071,CollgCr,2006,7366.0,7,2074,3,2.0,1,Y,Fa,6.52,Normal,335010
1072,Somerst,2016,6028.0,3,1771,2,1.0,2,N,Gd,4.16,Normal,306720
1073,Edwards,2001,7322.0,8,1622,2,2.0,2,Y,TA,15.89,Normal,276630
1074,Edwards,1977,8248.0,6,1573,1,2.0,2,N,TA,4.18,Normal,251900
1075,NAmes,2004,12480.0,5,1413,2,2.0,1,Y,TA,3.48,Normal,281350
1076,NAmes,1973,7613.0,2,2023,2,2.0,1,Y,TA,7.25,Normal,299180
1077,Mitchel,1969,9767.0,8,1067,1,2.0,1,Y,TA,4.93,Normal,252080
1078,NAmes,1982,6102.0,2,689,1,2.0,1,Y,TA,8.03,Abnorml,183390
1079,Somerst,2018,10649.0,5,1807,2,2.0,2,Y,Gd,8.62,Normal,351820
1080,Sawyer,1990,9653.0,9,1816,2,1.0,1,Y,TA,8.94,Normal,361230
1081,NAmes,1977,12334.0,10,1740,2,4.0,2,Y,TA,7.5,Normal,417440
1082,CollgCr,1982,11429.0,10,1704,2,2.0,3,Y,Gd,5.19,Normal,440510
1083,OldTown,1970,10738.0,10,1340,1,3.0,2,Y,TA,10.57,Normal,267050
1084,Somerst,1996,7616.0,6,1894,1,2.0,1,Y,Gd,7.55,Normal,394580
1085,OldTown,1974,9042.0,3,1477,2,1.0,1,Y,Gd,6.02,Normal,233700
1086,NridgHt,1989,13615.0,9,1256,3,2.0,3,Y,TA,13.92,Normal,435340
1087,CollgCr,1976,5774.0,9,1344,2,3.0,1,Y,Gd,7.51,Abnorml,348130
1088,NAmes,1972,5843.0,10,2510,2,2.0,2,Y,Ex,12.37,Normal,496110
1089,NAmes,2018,8760.0,7,633,1,3.0,1,Y,TA,12.91,Normal,158130
1090,OldTown,1974,9846.0,2,1750,2,1.0,0,Y,Ex,13.15,Normal,223590
1091,OldTown,1955,5298.0,6,660,1,2.0,1,Y,TA,10.76,Family,200740
1092,Mitchel,1976,7706.0,5,1446,1,0.0,1,N,TA,8.0,Normal,177150
1093,NAmes,1987,7633.0,9,1283,1,2.0,1,Y,TA,7.74,Normal,257670
1094,Somerst,1956,2643.0,4,457,1,1.0,0,Y,Fa,7.02,Normal,153210
1095,Somerst,1971,7168.0,4,1695,2,1.0,0,Y,Ex,0.2,Normal,418350
1096,NridgHt,1961,7395.0,1,1310,1,1.0,1,N,TA,10.88,Abnorml,232940
1097,NridgHt,1985,7384.0,9,450,1,2.0,0,Y,Ex,8.98,Normal,295010
1098,NAmes,2001,16239.0,8,1920,2,2.0,1,Y,Gd,11.3,Normal,327210
1099,NridgHt,2018,4356.0,1,2218,3,1.0,0,N,Ex,7.53,Abnorml,415750
1100,OldTown,1977,5297.0,5,2245,2,0.0,1,N,Ex,10.66,Family,260380
1101,Sawyer,2011,2167.0,5,1679,2,2.0,0,Y,TA,2.49,Normal,276020
1102,CollgCr,1965,6290.0,5,1523,1,1.0,1,Y,Ex,3.32,Normal,351420
1103,Sawyer,2005,6564.0,10,2164,2,2.0,3,Y,Gd,0.2,Normal,424570
1104,NridgHt,1989,6199.0,2,2341,3,1.0,2,Y,TA,7.46,Normal,463870
1105,NridgHt,2003,13919.0,4,2067,2,2.0,0,Y,Gd,4.91,Family,480450
1106,CollgCr,2003,12302.0,2,1029,1,1.0,1,Y,TA,4.39,Abnorml,228920
1107,NridgHt,1987,8318.0,3,1601,3,1.0,0,Y,Fa,9.34,Normal,326200
1108,Sawyer,1968,6647.0,10,1720,1,3.0,1,Y,TA,6.3,Normal,332810
1109,Edwards,1987,13364.0,10,595,1,3.0,2,Y,TA,2.27,Normal,250060
1110,OldTown,2008,7921.0,1,1735,2,0.0,1,Y,TA,18.18,Normal,157940
1111,CollgCr,2018,5314.0,7,2636,3,1.0,2,Y,TA,7.85,Abnorml,458290
1112,CollgCr,2015,3392.0,3,1820,2,0.0,0,N,Gd,3.67,Normal,271550
1113,Sawyer,1962,6416.0,2,2237,2,1.0,1,Y,Gd,5.32,Normal,336240
1114,Edwards,1992,11667.0,3,1591,1,1.0,0,Y,Gd,7.31,Normal,209460
1115,Sawyer,1957,24971.0,2,1463,2,0.0,0,Y,Ex,7.3,Normal,240100
1116,Sawyer,1997,8250.0,5,1691,2,0.0,0,Y,Gd,13.21,Normal,241570
1117,NridgHt,2020,5456.0,10,1092,2,3.0,2,Y,Gd,7.68,Normal,448410
1118,NridgHt,1953,4424.0,6,1018,1,1.0,1,Y,TA,15.42,Normal,328110
1119,NridgHt,1996,10543.0,8,2133,3,2.0,2,Y,Ex,6.27,Normal,609590
1120,Somerst,2017,3311.0,5,2186,3,2.0,1,Y,TA,9.71,Normal,374170
1121,CollgCr,2010,10534.0,1,1004,1,0.0,0,Y,TA,12.09,Normal,133050
1122,BrkSide,1977,12041.0,1,1984,2,0.0,1,Y,TA,12.78,Normal,204520
1123,Mitchel,1957,9950.0,3,1457,2,1.0,1,Y,TA,13.25,Family,205330
1124,Edwards,2015,7168.0,3,1670,2,1.0,0,Y,Gd,6.91,Normal,213090
1125,Mitchel,2015,10611.0,9,1730,3,3.0,2,Y,Fa,7.98,Abnorml,312690
1126,Mitchel,1991,8714.0,9,1997,3,1.0,2,N,Gd,0.2,Normal,404900
1127,Edwards,2019,5422.0,9,1541,2,3.0,1,Y,TA,7.22,Normal,331590
1128,Sawyer,1950,20179.0,7,2205,3,2.0,1,Y,TA,12.37,Normal,331590
1129,NridgHt,1993,6710.0,6,1655,2,1.0,2,Y,TA,11.59,Normal,380020
1130,CollgCr,1952,11791.0,7,1812,1,2.0,1,Y,TA,7.65,Partial,345050
1131,NAmes,2016,2387.0,5,1083,1,2.0,2,N,Gd,14.8,Normal,200810
1132,Edwards,1998,15145.0,7,2579,3,2.0,0,Y,Fa,6.46,Normal,316940
1133,BrkSide,2014,16674.0,8,1735,2,2.0,1,Y,TA,5.14,Normal,268030
1134,OldTown,1989,8120.0,8,1856,2,2.0,1,Y,Fa,6.13,Normal,256520
1135,BrkSide,1955,10579.0,7,696,1,1.0,3,Y,Gd,3.51,Normal,239400
1136,NridgHt,1951,10577.0,1,1089,1,1.0,0,Y,Ex,10.49,Family,238120
1137,NridgHt,1973,5801.0,8,2119,2,3.0,1,Y,Gd,9.15,Normal,532810
1138,CollgCr,2002,10517.0,4,1643,3,1.0,1,Y,TA,10.44,Normal,280510
1139,Edwards,1960,5339.0,8,543,1,1.0,2,Y,Ex,6.34,Abnorml,257350
1140,CollgCr,2010,5901.0,6,2019,2,1.0,1,Y,TA,7.77,Normal,329400
1141,CollgCr,1967,14054.0,9,1228,1,2.0,2,Y,TA,0.2,Normal,365370
1142,NAmes,1985,13024.0,4,2206,2,0.0,0,N,TA,9.5,Family,276290
1143,NAmes,1964,5620.0,10,1456,2,2.0,2,Y,TA,8.4,Normal,336870
1144,CollgCr,1983,5544.0,9,1602,2,,2,Y,TA,3.6,Normal,381910
1145,Somerst,1982,5793.0,4,2089,4,1.0,2,Y,TA,7.58,Abnorml,370910
1146,Edwards,1950,11539.0,5,1051,1,1.0,2,Y,TA,6.97,Normal,219400
1147,CollgCr,1990,4852.0,6,1004,1,1.0,1,Y,TA,15.06,Family,222320
1148,Crawfor,2005,9562.0,8,1402,1,2.0,2,N,TA,3.76,Normal,374400
1149,Somerst,2016,11622.0,7,1914,2,2.0,1,Y,TA,,Normal,383950
1150,Crawfor,1973,7655.0,9,835,2,3.0,2,N,Gd,3.64,Normal,290580
1151,NridgHt,2012,13256.0,4,666,1,1.0,0,Y,Gd,5.77,Normal,260840
1152,NAmes,2012,6871.0,6,1912,1,1.0,0,Y,Fa,9.11,Normal,281060
1153,Crawfor,2020,7189.0,5,1199,2,,1,Y,TA,7.15,Normal,264780
1154,Crawfor,1976,4908.0,10,1304,2,2.0,3,N,TA,7.98,Normal,338220
1155,NridgHt,2010,13304.0,4,572,1,1.0,1,Y,TA,9.33,Normal,159770
1156,Somerst,1990,5453.0,6,1161,2,2.0,2,N,Fa,6.03,Normal,212780
1157,Edwards,1954,9529.0,2,1496,1,0.0,0,Y,TA,11.54,Normal,213630
1158,Edwards,1969,7720.0,9,1965,3,2.0,3,Y,Gd,6.78,Normal,362480
1159,Sawyer,1997,4726.0,4,1114,1,1.0,0,Y,Gd,7.61,Normal,222360
1160,Somerst,1961,5900.0,4,2329,1,3.0,1,Y,Gd,9.45,Normal,368120
1161,CollgCr,1980,15973.0,6,1158,2,1.0,1,Y,Gd,8.91,Normal,266630
1162,NAmes,2005,8849.0,5,1158,2,1.0,1,Y,Gd,10.58,Normal,259380
1163,NAmes,1960,4830.0,9,2269,3,4.0,2,Y,Gd,9.27,Normal,450040
1164,CollgCr,1985,9319.0,6,1606,2,2.0,1,Y,Gd,9.88,Normal,357050
1165,OldTown,1965,7436.0,6,1224,1,1.0,2,Y,Gd,6.7,Normal,228130
1166,Crawfor,1988,44991.0,2,1422,1,1.0,2,Y,,3.72,Normal,292390
1167,CollgCr,1967,9226.0,1,2177,3,0.0,0,Y,Gd,2.29,Abnorml,315110
1168,OldTown,2018,6614.0,4,2233,3,2.0,0,Y,TA,1.32,Normal,268440
1169,CollgCr,1955,16272.0,10,1092,2,2.0,2,Y,TA,15.05,Normal,350890
1170,Somerst,2018,3187.0,10,1479,1,2.0,2,Y,TA,0.2,Normal,449660
1171,NridgHt,2006,8386.0,7,1545,1,3.0,1,Y,TA,12.77,Normal,364170
1172,Somerst,2010,21686.0,7,1007,1,2.0,2,Y,TA,4.72,Normal,280890
1173,Mitchel,2010,7548.0,4,1472,1,2.0,0,Y,TA,12.75,Normal,210400
1174,Mitchel,1963,3363.0,2,1503,2,1.0,0,Y,Fa,0.2,Normal,211680
1175,BrkSide,2016,6563.0,1,2070,2,0.0,0,Y,TA,7.06,Normal,212160
1176,BrkSide,1992,16555.0,4,2104,2,1.0,2,Y,Ex,13.82,Normal,316170
1177,OldTown,2018,9655.0,4,1335,2,2.0,1,Y,TA,10.85,Normal,200210
1178,Somerst,2012,5259.0,2,1393,2,1.0,0,Y,TA,6.65,Normal,237100
1179,OldTown,1991,5679.0,3,1832,2,2.0,0,Y,TA,0.23,Normal,308410
1180,BrkSide,1976,6047.0,1,1207,1,1.0,0,Y,TA,2.71,Normal,143310
1181,CollgCr,1958,9583.0,7,5223,4,2.0,1,Y,Gd,13.56,Normal,767010
1182,CollgCr,1957,15620.0,10,1456,1,3.0,1,N,Gd,6.61,Normal,423870
1183,NAmes,1977,13540.0,7,1015,1,2.0,2,Y,Fa,7.71,Normal,247330
1184,NridgHt,2007,10049.0,5,1022,1,0.0,1,Y,TA,9.13,Family,219880
1185,NridgHt,1985,4111.0,5,2224,3,1.0,1,Y,Fa,2.79,Abnorml,436220
1186,NAmes,1984,4118.0,4,1422,2,1.0,1,Y,Gd,9.63,Normal,239930
1187,Somerst,1967,10444.0,2,2320,2,0.0,1,Y,Ex,6.32,Normal,396210
1188,OldTown,1990,4082.0,6,1243,2,,2,Y,Ex,9.17,Normal,234230
1189,BrkSide,1995,7147.0,6,1646,2,2.0,2,Y,TA,5.69,Family,291060
1190,NAmes,2019,9314.0,1,2696,3,1.0,0,Y,Gd,1.71,Normal,394340
1191,NAmes,2001,4530.0,5,971,1,2.0,1,Y,Gd,6.29,Normal,264230
1192,NridgHt,1993,4794.0,3,551,1,1.0,1,Y,,10.56,Normal,187490
1193,Somerst,2014,7632.0,2,2143,2,0.0,0,Y,TA,9.58,Normal,272250
1194,BrkSide,1980,10291.0,8,1087,1,3.0,2,Y,TA,8.12,Normal,256940
1195,Somerst,2016,13602.0,6,1490,1,1.0,2,Y,TA,11.59,Normal,346100
1196,Mitchel,1976,10837.0,7,1207,2,2.0,1,Y,Fa,7.19,Normal,242980
1197,OldTown,1959,8300.0,8,1634,2,2.0,3,Y,Gd,8.23,Normal,315480
1198,OldTown,1979,5509.0,10,1025,1,2.0,3,Y,TA,6.08,Normal,249220
1199,Mitchel,1959,4683.0,9,1410,1,3.0,2,Y,TA,11.83,Normal,279650
1200,NAmes,1958,6197.0,7,1725,2,3.0,1,Y,Gd,9.17,Abnorml,365760
1201,BrkSide,2012,9820.0,9,996,1,3.0,0,Y,TA,5.77,Abnorml,248450
1202,NAmes,2006,9466.0,5,1150,1,1.0,1,Y,Ex,2.04,Normal,289730
1203,Edwards,1965,2800.0,10,1326,2,3.0,1,Y,Gd,12.42,Partial,317320
1204,NAmes,2009,5401.0,8,786,1,2.0,2,N,Gd,5.02,Normal,262370
1205,Somerst,1954,14610.0,7,1289,1,2.0,2,Y,,8.29,Normal,360260
1206,BrkSide,1970,8323.0,10,1559,3,3.0,2,Y,TA,17.41,Abnorml,267960
1207,NAmes,2000,3939.0,6,1300,1,1.0,2,Y,TA,11.21,Normal,218370
1208,CollgCr,1971,25981.0,8,1364,1,2.0,2,Y,Ex,14.44,Abnorml,369860
1209,OldTown,2001,7885.0,3,1490,1,1.0,2,Y,TA,5.85,Normal,199480
1210,CollgCr,2012,9695.0,10,1172,1,3.0,2,Y,TA,12.28,Normal,318520
1211,OldTown,1954,9769.0,7,1846,3,1.0,0,N,Gd,8.11,Normal,285630
1212,Mitchel,1951,6657.0,8,2218,3,2.0,1,Y,TA,9.46,Normal,380950
1213,NAmes,2016,5560.0,5,1268,2,1.0,1,N,TA,,Abnorml,234700
1214,Edwards,1986,23110.0,9,1743,1,2.0,2,Y,TA,6.89,Normal,356620
1215,Edwards,1985,13211.0,1,1380,2,0.0,0,Y,TA,8.08,Normal,134440
1216,CollgCr,1982,12066.0,2,1683,2,0.0,0,Y,Gd,4.39,Normal,249750
1217,CollgCr,1980,10672.0,6,2283,2,2.0,1,Y,TA,11.55,Normal,370420
1218,Sawyer,1998,4844.0,8,1754,3,,1,Y,TA,5.76,Normal,312800
1219,NridgHt,1991,15153.0,9,613,1,2.0,2,Y,TA,12.09,Normal,311060
1220,BrkSide,1961,5248.0,5,1727,3,,1,Y,Gd,1.4,Normal,289970
1221,Edwards,1994,9217.0,7,2116,2,1.0,2,Y,TA,10.19,Normal,298320
1222,NridgHt,1997,,6,1389,1,1.0,1,Y,TA,5.43,Normal,363740
1223,Crawfor,1958,2884.0,10,1998,2,2.0,3,Y,Gd,10.92,Normal,421050
1224,Crawfor,1976,9380.0,7,1155,1,2.0,0,Y,TA,7.95,Normal,345070
1225,Crawfor,2006,5338.0,5,757,1,2.0,0,Y,Gd,5.86,Normal,236450
1226,CollgCr,1993,2959.0,10,1571,2,3.0,1,Y,TA,6.45,Normal,419310
1227,Mitchel,1959,10483.0,2,622,1,1.0,0,Y,TA,4.6,Normal,115190
1228,BrkSide,1952,23092.0,10,1380,2,3.0,3,N,TA,11.35,Normal,298710
1229,BrkSide,1991,16026.0,2,2143,2,0.0,0,Y,Gd,3.81,Normal,270680
1230,NridgHt,1982,7034.0,3,545,1,0.0,0,Y,TA,6.93,Normal,192500
1231,Mitchel,2018,8035.0,9,860,1,3.0,2,Y,TA,9.38,Abnorml,251140
1232,Edwards,1987,12470.0,8,984,1,2.0,2,Y,TA,14.45,Normal,259820
1233,Sawyer,2016,14020.0,10,1468,2,2.0,2,Y,TA,7.96,Normal,278660
1234,NridgHt,1965,6737.0,8,1317,1,2.0,1,Y,Gd,7.03,Normal,445140
1235,Sawyer,1981,8138.0,7,2200,3,2.0,0,Y,Ex,9.09,Normal,394530
1236,Sawyer,1959,9298.0,4,1977,1,0.0,0,Y,TA,0.2,Normal,242960
1237,CollgCr,1990,10553.0,1,1748,2,0.0,1,Y,TA,3.21,Normal,305360
1238,OldTown,1963,7485.0,2,1573,3,0.0,0,Y,TA,6.5,Normal,237090
1239,OldTown,1984,7534.0,3,1697,1,0.0,0,Y,Ex,5.15,Normal,185270
1240,Sawyer,1974,15948.0,1,1069,1,0.0,1,Y,TA,1.6,Abnorml,158010
1241,Sawyer,1963,14647.0,6,1929,2,1.0,1,Y,TA,11.43,Normal,298810
1242,BrkSide,1956,10157.0,8,944,1,2.0,3,Y,Ex,9.04,Normal,281290
1243,BrkSide,1986,18897.0,10,1918,3,2.0,3,Y,Ex,8.56,Normal,450050
1244,Somerst,2017,6594.0,5,2093,3,1.0,1,Y,TA,5.22,Normal,413780
1245,NAmes,1964,18010.0,9,1605,2,3.0,1,Y,TA,8.32,Abnorml,356570
1246,NridgHt,1978,10493.0,10,1412,2,2.0,3,Y,Gd,10.06,Normal,541800
1247,Crawfor,1965,41057.0,9,1700,2,3.0,2,Y,Gd,6.94,Family,487470
1248,NridgHt,2007,4407.0,5,400,2,1.0,1,N,TA,9.78,Normal,190390
1249,Crawfor,1979,5668.0,4,1651,2,1.0,1,Y,TA,4.82,Normal,287390
1250,Mitchel,2019,9863.0,10,1443,2,3.0,2,N,TA,8.39,Normal,341730
1251,OldTown,1967,9758.0,3,1475,1,0.0,2,N,TA,12.57,Normal,147020
1252,Sawyer,1955,21211.0,5,1853,2,2.0,1,Y,TA,12.93,Normal,261520
1253,Somerst,1991,5727.0,1,1463,2,0.0,0,Y,Gd,13.31,Normal,214690
1254,Edwards,1996,12577.0,8,930,1,3.0,1,Y,TA,9.14,Family,244860
1255,CollgCr,2020,14306.0,7,1429,1,2.0,2,N,TA,8.13,Normal,297350
1256,CollgCr,2011,11379.0,1,1534,2,1.0,0,Y,Gd,6.2,Normal,220380
1257,CollgCr,2012,4948.0,3,1557,2,0.0,1,Y,TA,0.77,Normal,298740
1258,NridgHt,1995,16173.0,6,1581,2,1.0,1,Y,TA,2.62,Normal,400190
1259,NAmes,1975,14792.0,6,2020,2,2.0,1,Y,Ex,7.33,Normal,450060
1260,Edwards,1980,10797.0,9,957,1,3.0,1,Y,TA,7.57,Normal,260770
1261,Somerst,1959,8861.0,3,1588,2,2.0,1,Y,Gd,13.65,Abnorml,327240
1262,Edwards,1980,8958.0,10,2145,3,3.0,3,Y,TA,13.26,Normal,375230
1263,Crawfor,1975,7691.0,5,633,1,2.0,1,Y,TA,5.25,Normal,246590
1264,Edwards,1952,11021.0,9,1590,2,2.0,2,N,Gd,11.27,Normal,313560
1265,NAmes,1964,8126.0,3,1207,2,1.0,1,Y,TA,6.09,Normal,218540
1266,Mitchel,1987,5234.0,1,1315,2,0.0,0,Y,TA,10.73,Normal,188570
1267,BrkSide,1976,4736.0,1,1048,1,1.0,0,Y,TA,11.22,Normal,192010
1268,NridgHt,2020,5493.0,4,1415,2,,0,Y,TA,12.97,Normal,279180
1269,Sawyer,1983,8940.0,10,2421,3,,1,Y,TA,6.03,Normal,423480
1270,NAmes,2018,7893.0,1,868,1,1.0,0,Y,Gd,12.06,Normal,143170
1271,Sawyer,1996,8909.0,4,915,1,0.0,2,Y,TA,0.51,Abnorml,193340
1272,CollgCr,1952,10276.0,2,849,1,1.0,1,Y,TA,13.18,Normal,163210
1273,Edwards,1964,5846.0,10,2364,2,3.0,2,N,Fa,7.9,Normal,280900
1274,CollgCr,2000,16648.0,7,1269,1,1.0,0,Y,TA,7.99,Normal,281370
1275,Sawyer,1988,6998.0,8,1487,2,1.0,0,Y,TA,0.2,Normal,319260
1276,CollgCr,1971,6441.0,8,1299,2,2.0,2,Y,TA,6.45,Partial,312530
1277,CollgCr,1987,10182.0,7,1028,2,1.0,3,Y,Gd,13.42,Normal,308310
1278,NAmes,2014,3194.0,8,1382,2,2.0,1,Y,TA,6.29,Normal,307690
1279,Sawyer,1977,5388.0,1,2729,3,0.0,1,Y,TA,10.85,Normal,275700
1280,CollgCr,1953,13066.0,9,2196,3,2.0,1,Y,Gd,8.14,Normal,495600
1281,Somerst,1972,3356.0,8,1074,1,,2,Y,TA,12.25,Normal,320400
1282,OldTown,2016,13988.0,8,1824,2,2.0,2,Y,TA,8.77,Partial,304500
1283,Sawyer,2004,17031.0,4,1084,1,2.0,1,Y,Gd,4.27,Normal,251610
1284,CollgCr,2009,6651.0,9,612,1,2.0,1,Y,Gd,8.23,Normal,284460
1285,Mitchel,2014,9257.0,4,2010,3,1.0,2,Y,Fa,14.4,Normal,208500
1286,OldTown,1958,13999.0,1,2080,3,1.0,0,Y,TA,9.99,Abnorml,213480
1287,NAmes,1970,6335.0,10,2023,2,3.0,3,Y,TA,7.53,Normal,359790
1288,CollgCr,1954,12346.0,3,1265,2,0.0,0,Y,TA,17.02,Normal,216520
1289,NAmes,1950,5719.0,2,1417,1,1.0,1,Y,TA,12.64,Normal,216420
1290,Edwards,2009,6301.0,7,1875,2,2.0,2,Y,Gd,11.27,Normal,337600
1291,CollgCr,2016,5364.0,3,1696,2,0.0,1,Y,Gd,9.27,Family,293530
1292,Crawfor,1961,9495.0,9,1303,2,3.0,2,N,Ex,10.92,Normal,412960
1293,Somerst,2001,14274.0,5,690,1,2.0,1,N,TA,11.05,Normal,164530
1294,CollgCr,1987,7296.0,1,1557,2,1.0,0,Y,TA,0.2,Normal,246100
1295,Edwards,1954,4237.0,10,2040,3,3.0,2,Y,TA,9.58,Family,324430
1296,CollgCr,2015,4656.0,6,901,1,2.0,2,Y,TA,7.36,Normal,240170
1297,CollgCr,2011,9745.0,3,1819,2,0.0,0,Y,TA,6.0,Abnorml,321170
1298,OldTown,1990,20116.0,7,1666,2,2.0,0,Y,Gd,7.22,Abnorml,320650
1299,NAmes,2000,9741.0,6,1875,3,1.0,0,Y,TA,1.78,Abnorml,350860
1300,CollgCr,1978,6593.0,1,1936,2,0.0,0,Y,TA,0.78,Normal,270360
1301,Mitchel,2006,11735.0,8,1153,1,3.0,2,N,TA,12.99,Normal,219910
1302,NridgHt,1981,7097.0,5,692,1,1.0,0,Y,Ex,9.85,Abnorml,278630
1303,Crawfor,2020,6621.0,7,1233,2,1.0,2,Y,TA,0.2,Family,352170
1304,CollgCr,1954,4954.0,9,1945,2,3.0,2,Y,Gd,5.69,Normal,469820
1305,Crawfor,1962,16178.0,7,1229,1,1.0,1,N,Gd,11.52,Normal,245930
1306,OldTown,2018,2248.0,7,1153,1,1.0,2,Y,TA,6.88,Normal,216710
1307,NAmes,1970,11922.0,3,589,1,1.0,1,N,Gd,12.98,Normal,93740
1308,BrkSide,1972,6344.0,3,2376,2,1.0,0,Y,TA,12.2,Abnorml,278870
1309,NAmes,2006,6516.0,5,1913,2,0.0,1,Y,TA,2.57,Normal,286540
1310,Edwards,1963,18645.0,9,1885,3,3.0,2,Y,TA,7.43,Normal,321790
1311,BrkSide,1986,5598.0,6,1984,2,1.0,2,Y,TA,6.21,Normal,308130
1312,NridgHt,1970,5694.0,4,1788,2,2.0,2,Y,Gd,2.44,Abnorml,457680
1313,Somerst,1964,7495.0,8,1378,1,2.0,1,Y,Gd,2.18,Normal,391430
1314,OldTown,2018,9839.0,9,1418,2,3.0,2,Y,TA,4.78,Normal,347900
1315,NAmes,1964,6414.0,10,1286,2,4.0,1,Y,TA,5.44,Normal,363740
1316,Mitchel,1956,3642.0,3,2817,3,0.0,2,Y,TA,9.13,Abnorml,314350
1317,CollgCr,1997,5189.0,8,1778,2,2.0,2,Y,TA,12.18,Normal,368730
1318,CollgCr,2011,15182.0,6,1268,2,2.0,1,Y,Gd,10.05,Normal,304980
1319,CollgCr,1959,8305.0,5,1733,1,1.0,1,Y,TA,11.0,Normal,323540
1320,Crawfor,2000,10024.0,4,995,1,1.0,2,Y,Gd,6.93,Partial,251740
1321,Sawyer,1988,7020.0,2,2252,4,0.0,1,Y,TA,10.41,Normal,272970
1322,Edwards,2008,5753.0,3,1169,1,1.0,1,Y,Gd,7.41,Normal,154970
1323,Mitchel,1959,18508.0,6,1751,2,2.0,2,Y,TA,6.23,Normal,310100
1324,NAmes,2019,7282.0,9,2033,2,2.0,2,Y,TA,15.59,Normal,343960
1325,Crawfor,1993,6409.0,9,1692,2,2.0,2,Y,Gd,0.2,Abnorml,427270
1326,NAmes,2009,13839.0,2,1547,1,0.0,1,Y,TA,0.51,Normal,222620
1327,OldTown,1975,5575.0,7,1505,2,1.0,1,N,TA,9.53,Normal,236440
1328,NAmes,2016,5942.0,1,1472,2,0.0,0,Y,Gd,6.94,Family,206930
1329,Mitchel,1994,8041.0,7,1212,1,2.0,2,Y,TA,2.25,Normal,235640
1330,Crawfor,1959,8001.0,4,1275,1,1.0,2,Y,TA,3.78,Abnorml,255380
1331,Somerst,2015,9109.0,5,2240,2,1.0,0,Y,TA,4.3,Normal,376180
1332,CollgCr,2006,22766.0,8,1446,2,1.0,1,N,TA,11.57,Normal,309420
1333,CollgCr,1971,9465.0,5,1107,1,1.0,1,N,Gd,12.85,Abnorml,233920
1334,Edwards,1988,2436.0,9,1242,1,2.0,2,Y,Gd,14.56,Family,255050
1335,OldTown,1977,9418.0,6,2050,3,1.0,1,Y,TA,1.64,Normal,291290
1336,NAmes,1988,8153.0,10,1838,2,3.0,3,Y,TA,2.53,Normal,412110
1337,NridgHt,2018,8176.0,7,1780,2,2.0,2,N,TA,2.26,Abnorml,466700
1338,NridgHt,2013,9047.0,3,1371,2,1.0,1,Y,TA,13.16,Normal,292030
1339,Crawfor,1965,7886.0,8,1787,2,2.0,3,N,Gd,9.67,Normal,422200
1340,Edwards,2018,7792.0,5,1178,1,1.0,1,Y,TA,8.32,Normal,229210
1341,OldTown,1981,10870.0,6,1370,2,1.0,1,Y,Gd,8.92,Normal,277910
1342,Somerst,2000,6101.0,2,1985,2,0.0,0,Y,TA,7.77,Normal,321370
1343,CollgCr,2004,4981.0,2,1937,2,0.0,0,Y,Gd,3.52,Family,343070
1344,NridgHt,1984,36282.0,6,1009,1,1.0,0,Y,TA,10.05,Normal,283550
1345,Sawyer,1982,5593.0,2,1072,1,0.0,1,Y,TA,7.26,Normal,167120
1346,NAmes,1982,8411.0,10,1554,1,2.0,2,Y,Ex,3.2,Normal,451670
1347,OldTown,2011,3787.0,9,2363,3,3.0,2,Y,TA,10.3,Abnorml,384940
1348,Crawfor,1977,8480.0,8,542,1,2.0,2,Y,TA,,Normal,233590
1349,Somerst,1969,5017.0,8,1639,1,,2,Y,Gd,8.91,Abnorml,420460
1350,Somerst,1975,6412.0,6,812,1,2.0,0,Y,Ex,7.5,Normal,287770
1351,Sawyer,1963,13490.0,1,1183,2,1.0,0,Y,TA,11.57,Normal,204410
1352,Somerst,1977,10129.0,4,1318,3,1.0,1,N,Ex,8.88,Abnorml,270330
1353,NAmes,1958,,5,1290,1,1.0,0,N,TA,4.47,Normal,207320
1354,BrkSide,1956,3300.0,10,1233,1,3.0,2,Y,Ex,9.29,Abnorml,279690
1355,Crawfor,2001,20043.0,3,1504,1,1.0,0,Y,TA,9.42,Normal,257960
1356,NAmes,1955,4408.0,5,1232,1,3.0,1,Y,TA,10.05,Normal,298520
1357,NAmes,1990,17180.0,4,769,1,1.0,0,Y,TA,12.14,Normal,166830
1358,Sawyer,2005,13333.0,2,1890,2,2.0,1,Y,Gd,5.54,Family,278410
1359,NridgHt,2001,10677.0,2,1876,2,0.0,0,Y,Ex,10.67,Normal,388530
1360,OldTown,1981,5217.0,4,1922,1,2.0,0,Y,TA,1.1,Normal,254900
1361,Somerst,1963,8630.0,1,730,1,1.0,0,Y,TA,7.52,Normal,155820
1362,Sawyer,2016,6322.0,1,1649,1,0.0,0,Y,TA,6.9,Partial,193820
1363,Somerst,2009,8117.0,4,1838,2,1.0,0,N,TA,13.79,Abnorml,257070
1364,NAmes,1993,7060.0,3,984,1,0.0,1,Y,Gd,7.37,Abnorml,181500
1365,NAmes,1956,2887.0,6,1505,1,1.0,0,N,TA,10.43,Normal,256170
1366,Edwards,1952,14018.0,1,1442,1,1.0,0,Y,Ex,0.95,Normal,245650
1367,Crawfor,1972,7682.0,4,2421,3,1.0,0,Y,Ex,6.59,Abnorml,481150
1368,Somerst,1961,6278.0,5,2462,3,1.0,2,N,TA,4.61,Abnorml,411440
1369,OldTown,2011,6045.0,10,668,1,3.0,3,Y,TA,17.9,Abnorml,215680
1370,Crawfor,1964,9570.0,7,2747,3,1.0,2,Y,Ex,5.33,Abnorml,580840
1371,OldTown,1970,5117.0,9,1042,2,3.0,2,Y,Gd,8.29,Abnorml,256180
1372,Somerst,2019,2591.0,4,1990,3,1.0,0,Y,Gd,8.51,Normal,345010
1373,NAmes,2008,9806.0,5,1985,2,2.0,1,Y,Fa,1.64,Normal,308130
1374,Sawyer,1965,10371.0,5,1002,1,2.0,2,Y,TA,5.9,Partial,179410
1375,Sawyer,1977,7240.0,9,1747,2,3.0,3,Y,Gd,9.62,Normal,366770
1376,BrkSide,1986,4506.0,10,1446,2,2.0,2,Y,TA,8.34,Normal,319940
1377,OldTown,1997,8364.0,10,1777,2,1.0,1,Y,Gd,0.2,Normal,333450
1378,Edwards,2016,3847.0,8,1615,1,2.0,1,Y,Gd,5.73,Normal,320550
1379,CollgCr,2011,4787.0,6,2098,2,2.0,3,Y,TA,12.08,Abnorml,347020
1380,Mitchel,2019,5496.0,6,1538,2,1.0,0,Y,TA,10.35,Abnorml,226310
1381,NAmes,1952,12200.0,10,1416,2,,1,Y,TA,12.87,Normal,376760
1382,NridgHt,1966,6673.0,3,2048,2,1.0,1,N,Gd,4.06,Normal,380270
1383,Sawyer,1989,6395.0,4,1790,3,0.0,0,Y,TA,13.12,Normal,199380
1384,NAmes,1953,21259.0,9,1866,3,3.0,1,Y,TA,7.82,Family,390990
1385,OldTown,1975,9542.0,4,1168,2,1.0,2,Y,Ex,14.37,Normal,215170
1386,NAmes,1960,9478.0,3,977,2,1.0,1,Y,Gd,8.01,Normal,220270
1387,Somerst,2016,6650.0,6,1216,1,1.0,1,Y,TA,0.2,Normal,349320
1388,Mitchel,1954,5937.0,4,1190,2,2.0,0,Y,Gd,11.4,Normal,202670
1389,Edwards,1960,2681.0,9,1893,2,2.0,3,Y,TA,6.23,Normal,320380
1390,Mitchel,1963,12985.0,10,1988,1,3.0,2,Y,Ex,6.5,Normal,486570
1391,NAmes,1960,,4,1422,1,1.0,2,Y,Gd,2.19,Normal,297230
1392,OldTown,1990,,6,2215,3,2.0,2,Y,TA,14.49,Normal,305270
1393,Crawfor,1975,7470.0,10,2184,3,3.0,2,Y,TA,5.92,Normal,468440
1394,Crawfor,2014,11560.0,8,1622,3,2.0,1,Y,TA,14.3,Normal,375340
1395,OldTown,1968,3677.0,3,1089,1,1.0,2,Y,Gd,6.28,Normal,198670
1396,NridgHt,1988,5957.0,6,2288,4,2.0,2,Y,Gd,4.29,Normal,573240
1397,Crawfor,1996,4533.0,7,1469,2,1.0,0,Y,TA,13.28,Normal,279220
1398,Sawyer,1994,19399.0,7,1563,2,,2,Y,Ex,7.71,Abnorml,335020
1399,NridgHt,2006,12395.0,1,1330,1,0.0,0,Y,TA,7.75,Normal,275350
1400,NAmes,1964,2659.0,3,1055,2,0.0,0,N,Gd,2.87,Normal,162000
1401,NAmes,1986,3753.0,9,766,1,2.0,2,Y,Gd,6.17,Normal,257540
1402,NridgHt,2006,7488.0,3,1816,2,0.0,0,Y,TA,9.71,Normal,312940
1403,Somerst,2011,6317.0,3,1108,2,0.0,0,Y,Fa,2.8,Normal,194880
1404,CollgCr,1993,4126.0,4,3030,4,1.0,0,Y,Gd,5.84,Normal,479760
1405,CollgCr,1996,21154.0,2,957,2,0.0,0,Y,Gd,6.32,Normal,225400
1406,OldTown,2011,9353.0,2,871,1,0.0,0,Y,TA,8.27,Normal,132640
1407,Edwards,1994,10144.0,4,1755,2,1.0,0,Y,Gd,13.92,Normal,245260
1408,OldTown,2017,5660.0,9,2265,2,2.0,3,Y,TA,6.8,Partial,351780
1409,OldTown,1959,11480.0,1,1532,2,1.0,1,Y,TA,5.24,Normal,202330
1410,NAmes,1974,6614.0,3,1786,3,1.0,2,Y,Gd,18.99,Normal,216410
1411,Crawfor,1957,6943.0,1,578,1,1.0,0,Y,TA,6.27,Abnorml,154670
1412,NridgHt,1956,10858.0,6,1161,2,2.0,1,N,Gd,7.24,Normal,334060
1413,NAmes,1983,3543.0,3,963,2,0.0,2,Y,Gd,6.57,Normal,183230
1414,Edwards,1966,17778.0,8,552,1,2.0,1,Y,Fa,6.89,Normal,196620
1415,Edwards,1978,8764.0,6,1558,2,1.0,1,Y,TA,8.31,Normal,249400
1416,NridgHt,1981,15179.0,8,400,1,2.0,2,Y,TA,11.68,Normal,288650
1417,NridgHt,1994,4673.0,7,839,2,1.0,1,Y,TA,9.62,Normal,303250
1418,NridgHt,2017,5042.0,5,1231,2,1.0,1,Y,Gd,12.31,Normal,319320
1419,NridgHt,2010,4475.0,9,1084,1,1.0,2,Y,Fa,12.18,Normal,359090
1420,NAmes,1976,9067.0,5,1698,2,1.0,2,N,Ex,8.83,Normal,330400
1421,OldTown,1973,8268.0,10,1653,2,3.0,3,N,TA,9.51,Normal,299510
1422,NAmes,2004,6342.0,10,1947,3,3.0,3,Y,TA,12.43,Abnorml,401920
1423,Edwards,1958,4818.0,6,1876,2,1.0,1,Y,Ex,3.56,Normal,323200
1424,Edwards,1988,4247.0,7,2070,3,2.0,1,Y,TA,17.99,Normal,339170
1425,Sawyer,1980,7808.0,3,1499,2,1.0,2,Y,Gd,5.95,Partial,215240
1426,CollgCr,1962,6339.0,9,1652,2,3.0,1,Y,Gd,6.6,Family,422130
1427,NridgHt,1993,5678.0,7,1756,2,1.0,0,Y,Gd,3.15,Normal,460870
1428,OldTown,1972,17339.0,10,1571,2,2.0,2,Y,TA,3.27,Normal,308940
1429,OldTown,1963,7677.0,3,1301,2,2.0,2,Y,TA,11.9,Normal,176820
1430,Sawyer,1996,15097.0,8,1334,1,2.0,2,Y,Ex,17.08,Family,271660
1431,NAmes,1962,6128.0,5,1091,1,0.0,2,N,Fa,5.73,Normal,215150
1432,OldTown,1997,9042.0,2,1711,1,0.0,0,Y,Gd,9.39,Normal,167260
1433,OldTown,1961,7781.0,2,1453,2,0.0,0,Y,Gd,8.88,Normal,208520
1434,Sawyer,1980,,6,1168,2,2.0,0,Y,TA,12.0,Normal,234160
1435,CollgCr,2007,16340.0,4,1169,2,1.0,1,N,Gd,16.87,Normal,216550
1436,Mitchel,1966,7477.0,2,895,1,0.0,0,Y,Ex,14.08,Normal,163870
1437,Mitchel,2004,11619.0,5,1989,2,1.0,0,Y,Fa,7.05,Normal,263890
1438,BrkSide,2001,5493.0,7,1539,2,2.0,2,Y,Gd,10.12,Normal,254950
1439,CollgCr,2014,7367.0,4,1069,1,0.0,2,Y,Gd,10.51,Abnorml,197450
1440,NridgHt,1961,5186.0,10,1904,2,2.0,2,Y,,7.92,Normal,525350
1441,NAmes,2000,14842.0,8,1220,1,2.0,2,Y,Gd,3.62,Normal,339720
1442,Crawfor,2016,9348.0,6,797,1,1.0,2,Y,TA,4.8,Normal,247400
1443,Somerst,2004,9612.0,10,2011,2,2.0,2,Y,TA,12.59,Normal,415520
1444,CollgCr,1963,15777.0,5,1231,1,0.0,0,Y,Gd,13.01,Normal,241650
1445,OldTown,2008,14262.0,2,1296,1,1.0,1,N,Ex,7.17,Normal,181620
1446,BrkSide,1957,11730.0,1,1521,3,0.0,1,Y,TA,9.04,Normal,139110
1447,Crawfor,1991,3930.0,10,2071,4,3.0,3,Y,Gd,12.79,Normal,485040
1448,Somerst,1985,5650.0,10,1510,1,3.0,2,Y,TA,1.18,Normal,437850
1449,Edwards,1987,4843.0,8,900,1,2.0,1,N,Fa,6.21,Normal,198210
1450,Sawyer,1986,11510.0,2,1772,1,0.0,1,N,TA,16.07,Normal,225780
1451,BrkSide,1952,8713.0,3,1258,1,1.0,1,Y,Gd,9.2,Normal,167420
1452,Sawyer,1986,3992.0,1,2444,3,0.0,0,Y,TA,3.48,Normal,257380
1453,OldTown,2016,7280.0,1,1499,2,0.0,0,Y,TA,8.47,Normal,166400
1454,NridgHt,1981,3790.0,3,400,1,1.0,0,Y,Gd,12.09,Partial,173960
1455,Crawfor,1969,7790.0,6,1679,2,1.0,2,Y,TA,0.2,Normal,310470
1456,NAmes,2020,3496.0,1,2472,2,1.0,0,N,TA,8.71,Normal,284520
1457,OldTown,1957,10421.0,10,2288,2,3.0,1,Y,TA,6.51,Normal,221850
1458,NAmes,1984,9664.0,5,2415,3,,1,Y,,1.43,Normal,367180
1459,Edwards,1986,20768.0,3,990,1,0.0,2,Y,Gd,8.33,Partial,174290
1460,Sawyer,1983,12224.0,6,1956,2,0.0,2,Y,Gd,7.45,Partial,291760
1461,CollgCr,2015,6475.0,8,1139,1,3.0,0,Y,TA,7.9,Normal,292570
1462,Somerst,1979,12043.0,4,1612,2,1.0,2,Y,TA,6.61,Partial,275810
1463,NAmes,2019,3977.0,1,864,1,0.0,1,Y,Gd,3.91,Normal,156700
1464,Crawfor,1954,4944.0,1,1178,2,1.0,0,Y,TA,2.18,Partial,249840
1465,BrkSide,2002,9450.0,9,1162,1,2.0,0,Y,TA,5.24,Abnorml,263010
1466,Somerst,1992,2719.0,2,1949,1,0.0,0,Y,TA,11.44,Normal,206750
1467,Sawyer,1967,7853.0,7,1900,2,2.0,2,Y,TA,,Normal,315220
1468,NAmes,1966,4803.0,4,1638,1,0.0,2,Y,TA,7.72,Normal,239860
1469,BrkSide,2001,8416.0,8,825,2,2.0,1,Y,Ex,3.84,Normal,244780
1470,Sawyer,1995,4667.0,1,1344,1,1.0,1,Y,TA,6.5,Normal,180680
1471,NAmes,1993,9890.0,9,1127,2,2.0,0,Y,Gd,10.95,Normal,323120
1472,Mitchel,1953,8078.0,7,1935,2,2.0,1,Y,TA,10.02,Normal,296710
1473,NAmes,1992,16113.0,5,2089,3,,1,Y,Gd,6.09,Normal,331570
1474,NridgHt,2019,8027.0,3,2028,4,1.0,1,Y,TA,0.2,Normal,386530
1475,CollgCr,1951,5447.0,10,1122,1,1.0,3,N,Ex,5.3,Normal,351080
1476,Sawyer,1983,7071.0,4,400,1,0.0,1,Y,TA,6.07,Normal,118010
1477,NAmes,1985,4085.0,5,617,1,2.0,0,Y,Gd,4.37,Normal,186000
1478,NAmes,2013,9801.0,4,2211,3,0.0,1,Y,TA,6.35,Normal,299210
1479,Edwards,1970,10744.0,3,1299,1,1.0,1,Y,TA,11.27,Normal,196740
1480,Mitchel,1983,27496.0,5,1125,1,1.0,0,Y,Ex,7.85,Normal,267590
1481,CollgCr,2000,5862.0,2,2321,2,1.0,0,Y,Gd,11.96,Normal,334210
1482,NridgHt,1954,6997.0,1,2133,3,0.0,1,Y,Gd,1.97,Normal,427510
1483,Somerst,2006,5999.0,3,1512,1,0.0,0,Y,Gd,6.78,Normal,149960
1484,BrkSide,2008,8895.0,2,1353,2,0.0,0,Y,Ex,0.24,Normal,191110
1485,CollgCr,2001,9682.0,5,1434,1,1.0,1,Y,TA,6.29,Normal,265120
1486,Somerst,1996,7789.0,9,1614,1,2.0,2,Y,TA,3.82,Abnorml,383140
1487,Mitchel,2003,13772.0,2,2300,3,1.0,0,N,TA,13.13,Normal,202990
1488,OldTown,2005,5876.0,1,1711,2,0.0,0,Y,Ex,9.64,Family,194210
1489,Edwards,2014,13099.0,2,1863,3,1.0,2,Y,TA,12.06,Normal,259670
1490,Crawfor,1980,10472.0,6,2085,3,2.0,2,Y,TA,6.28,Normal,421030
1491,OldTown,1982,7952.0,3,915,1,1.0,0,Y,TA,3.92,Normal,163690
1492,OldTown,1995,6834.0,5,1877,2,2.0,1,Y,TA,3.79,Normal,274180
1493,OldTown,1963,26917.0,1,1353,2,0.0,0,Y,TA,9.06,Normal,198150
1494,BrkSide,2010,5317.0,4,400,1,1.0,0,Y,TA,15.24,Abnorml,82760
1495,Mitchel,2004,9285.0,5,436,1,1.0,1,Y,Fa,9.65,Normal,111640
1496,NridgHt,1994,5498.0,5,991,1,1.0,0,Y,Gd,6.5,Normal,326480
1497,NridgHt,1971,19536.0,6,1766,2,1.0,1,Y,TA,7.24,Partial,417230
1498,OldTown,1974,12464.0,8,1557,2,2.0,1,Y,TA,7.87,Normal,255160
1499,NAmes,1980,5699.0,5,1592,2,,0,Y,TA,16.11,Normal,263710
1500,CollgCr,1997,10337.0,9,2475,3,3.0,3,Y,TA,12.93,Abnorml,448120
